Workbook

Sheet Agent Scorecard
A1: Agent Performance & QA Scorecard — 150 Agents
A2: Weighted composite, overall + in-campaign ranking, quintiles and automated coaching flags
A4: Agent ID | B4: Agent | C4: Campaign | D4: Team Leader | E4: Tenure(m) | F4: Calls | G4: AHT | H4: QA % | I4: CSAT % | J4: Adherence % | K4: Attendance % | L4: Conversion % | M4: Composite | N4: Rank | O4: Rank in Camp | P4: Quintile | Q4: Coaching Flag | S4: SCORING MODEL
A5: A5001 | B5: Zinhle Van Wyk | C5: Standard Bank Helpdesk | D5: Thabo Buthelezi | E5: 13 | F5: 1189 | G5: 339 | H5: 0.92 | I5: 0.78 | J5: 0.94 | K5: 0.92 | L5: 0.1 | M5: =H5*$T$5+I5*$T$6+J5*$T$7+K5*$T$8+MIN(F5/$T$11,1)*$T$9+MIN(L5/0.3,1)*$T$10 | N5: =RANK(M5,$M$5:$M$154) | O5: =SUMPRODUCT(($C$5:$C$154=C5)*($M$5:$M$154>M5))+1 | P5: =ROUNDUP(N5/30,0) | Q5: =IF(OR(M5<0.75,H5<0.8),"Coaching","On Track") | R5: =C5&"|"&O5 | S5: QA Quality | T5: 0.25
A6: A5002 | B6: Mandla Sibiya | C6: Takealot Care | D6: Zodwa Nel | E6: 4 | F6: 1457 | G6: 234 | H6: 0.83 | I6: 0.82 | J6: 0.88 | K6: 0.85 | L6: 0.26 | M6: =H6*$T$5+I6*$T$6+J6*$T$7+K6*$T$8+MIN(F6/$T$11,1)*$T$9+MIN(L6/0.3,1)*$T$10 | N6: =RANK(M6,$M$5:$M$154) | O6: =SUMPRODUCT(($C$5:$C$154=C6)*($M$5:$M$154>M6))+1 | P6: =ROUNDUP(N6/30,0) | Q6: =IF(OR(M6<0.75,H6<0.8),"Coaching","On Track") | R6: =C6&"|"&O6 | S6: CSAT | T6: 0.2
A7: A5003 | B7: Lwazi Molefe | C7: Cell C Winback | D7: Zanele Govender | E7: 19 | F7: 960 | G7: 343 | H7: 0.81 | I7: 0.89 | J7: 0.85 | K7: 0.86 | L7: 0.3 | M7: =H7*$T$5+I7*$T$6+J7*$T$7+K7*$T$8+MIN(F7/$T$11,1)*$T$9+MIN(L7/0.3,1)*$T$10 | N7: =RANK(M7,$M$5:$M$154) | O7: =SUMPRODUCT(($C$5:$C$154=C7)*($M$5:$M$154>M7))+1 | P7: =ROUNDUP(N7/30,0) | Q7: =IF(OR(M7<0.75,H7<0.8),"Coaching","On Track") | R7: =C7&"|"&O7 | S7: Adherence | T7: 0.15
A8: A5004 | B8: Lindiwe Maseko | C8: Takealot Care | D8: Zodwa Molefe | E8: 17 | F8: 1419 | G8: 339 | H8: 0.8 | I8: 0.85 | J8: 0.83 | K8: 0.83 | L8: 0.3 | M8: =H8*$T$5+I8*$T$6+J8*$T$7+K8*$T$8+MIN(F8/$T$11,1)*$T$9+MIN(L8/0.3,1)*$T$10 | N8: =RANK(M8,$M$5:$M$154) | O8: =SUMPRODUCT(($C$5:$C$154=C8)*($M$5:$M$154>M8))+1 | P8: =ROUNDUP(N8/30,0) | Q8: =IF(OR(M8<0.75,H8<0.8),"Coaching","On Track") | R8: =C8&"|"&O8 | S8: Attendance | T8: 0.1
A9: A5005 | B9: Gift Tshabalala | C9: ABSA Collections | D9: Zodwa Nel | E9: 33 | F9: 1618 | G9: 360 | H9: 0.93 | I9: 0.95 | J9: 0.98 | K9: 0.94 | L9: 0.18 | M9: =H9*$T$5+I9*$T$6+J9*$T$7+K9*$T$8+MIN(F9/$T$11,1)*$T$9+MIN(L9/0.3,1)*$T$10 | N9: =RANK(M9,$M$5:$M$154) | O9: =SUMPRODUCT(($C$5:$C$154=C9)*($M$5:$M$154>M9))+1 | P9: =ROUNDUP(N9/30,0) | Q9: =IF(OR(M9<0.75,H9<0.8),"Coaching","On Track") | R9: =C9&"|"&O9 | S9: Productivity | T9: 0.15
A10: A5006 | B10: Neo Tshabalala | C10: Telkom Tech Support | D10: Mandla Mokoena | E10: 13 | F10: 1858 | G10: 214 | H10: 0.91 | I10: 0.75 | J10: 0.82 | K10: 0.92 | L10: 0.29 | M10: =H10*$T$5+I10*$T$6+J10*$T$7+K10*$T$8+MIN(F10/$T$11,1)*$T$9+MIN(L10/0.3,1)*$T$10 | N10: =RANK(M10,$M$5:$M$154) | O10: =SUMPRODUCT(($C$5:$C$154=C10)*($M$5:$M$154>M10))+1 | P10: =ROUNDUP(N10/30,0) | Q10: =IF(OR(M10<0.75,H10<0.8),"Coaching","On Track") | R10: =C10&"|"&O10 | S10: Conversion | T10: 0.15
A11: A5007 | B11: Amahle Molefe | C11: Telkom Tech Support | D11: Zodwa Nel | E11: 27 | F11: 1157 | G11: 268 | H11: 0.76 | I11: 0.92 | J11: 0.84 | K11: 0.99 | L11: 0.21 | M11: =H11*$T$5+I11*$T$6+J11*$T$7+K11*$T$8+MIN(F11/$T$11,1)*$T$9+MIN(L11/0.3,1)*$T$10 | N11: =RANK(M11,$M$5:$M$154) | O11: =SUMPRODUCT(($C$5:$C$154=C11)*($M$5:$M$154>M11))+1 | P11: =ROUNDUP(N11/30,0) | Q11: =IF(OR(M11<0.75,H11<0.8),"Coaching","On Track") | R11: =C11&"|"&O11 | S11: Calls benchmark | T11: 1800
A12: A5008 | B12: Tshepo Jacobs | C12: ABSA Collections | D12: Zodwa Nel | E12: 6 | F12: 1177 | G12: 314 | H12: 0.76 | I12: 0.85 | J12: 0.96 | K12: 0.93 | L12: 0.24 | M12: =H12*$T$5+I12*$T$6+J12*$T$7+K12*$T$8+MIN(F12/$T$11,1)*$T$9+MIN(L12/0.3,1)*$T$10 | N12: =RANK(M12,$M$5:$M$154) | O12: =SUMPRODUCT(($C$5:$C$154=C12)*($M$5:$M$154>M12))+1 | P12: =ROUNDUP(N12/30,0) | Q12: =IF(OR(M12<0.75,H12<0.8),"Coaching","On Track") | R12: =C12&"|"&O12 | S12: Weight total | T12: =SUM(T5:T10)
A13: A5009 | B13: Nokuthula Buthelezi | C13: ABSA Collections | D13: Refilwe Govender | E13: 37 | F13: 1854 | G13: 330 | H13: 0.85 | I13: 0.95 | J13: 0.96 | K13: 0.86 | L13: 0.21 | M13: =H13*$T$5+I13*$T$6+J13*$T$7+K13*$T$8+MIN(F13/$T$11,1)*$T$9+MIN(L13/0.3,1)*$T$10 | N13: =RANK(M13,$M$5:$M$154) | O13: =SUMPRODUCT(($C$5:$C$154=C13)*($M$5:$M$154>M13))+1 | P13: =ROUNDUP(N13/30,0) | Q13: =IF(OR(M13<0.75,H13<0.8),"Coaching","On Track") | R13: =C13&"|"&O13
A14: A5010 | B14: Amahle Nel | C14: Telkom Tech Support | D14: Precious Khumalo | E14: 6 | F14: 1814 | G14: 303 | H14: 0.82 | I14: 0.73 | J14: 0.88 | K14: 0.93 | L14: 0.13 | M14: =H14*$T$5+I14*$T$6+J14*$T$7+K14*$T$8+MIN(F14/$T$11,1)*$T$9+MIN(L14/0.3,1)*$T$10 | N14: =RANK(M14,$M$5:$M$154) | O14: =SUMPRODUCT(($C$5:$C$154=C14)*($M$5:$M$154>M14))+1 | P14: =ROUNDUP(N14/30,0) | Q14: =IF(OR(M14<0.75,H14<0.8),"Coaching","On Track") | R14: =C14&"|"&O14
A15: A5011 | B15: Siyabonga Nkosi | C15: MTN Retentions | D15: Gift Dlamini | E15: 3 | F15: 1904 | G15: 213 | H15: 0.77 | I15: 0.96 | J15: 0.91 | K15: 0.98 | L15: 0.03 | M15: =H15*$T$5+I15*$T$6+J15*$T$7+K15*$T$8+MIN(F15/$T$11,1)*$T$9+MIN(L15/0.3,1)*$T$10 | N15: =RANK(M15,$M$5:$M$154) | O15: =SUMPRODUCT(($C$5:$C$154=C15)*($M$5:$M$154>M15))+1 | P15: =ROUNDUP(N15/30,0) | Q15: =IF(OR(M15<0.75,H15<0.8),"Coaching","On Track") | R15: =C15&"|"&O15
A16: A5012 | B16: Lesego Sibiya | C16: Vodacom Upgrades | D16: Thabo Buthelezi | E16: 1 | F16: 1411 | G16: 237 | H16: 0.89 | I16: 0.79 | J16: 0.82 | K16: 0.91 | L16: 0.23 | M16: =H16*$T$5+I16*$T$6+J16*$T$7+K16*$T$8+MIN(F16/$T$11,1)*$T$9+MIN(L16/0.3,1)*$T$10 | N16: =RANK(M16,$M$5:$M$154) | O16: =SUMPRODUCT(($C$5:$C$154=C16)*($M$5:$M$154>M16))+1 | P16: =ROUNDUP(N16/30,0) | Q16: =IF(OR(M16<0.75,H16<0.8),"Coaching","On Track") | R16: =C16&"|"&O16
A17: A5013 | B17: Palesa Mokoena | C17: Shoprite Surveys | D17: Zanele Meyer | E17: 32 | F17: 929 | G17: 327 | H17: 0.91 | I17: 0.76 | J17: 0.97 | K17: 0.97 | L17: 0.14 | M17: =H17*$T$5+I17*$T$6+J17*$T$7+K17*$T$8+MIN(F17/$T$11,1)*$T$9+MIN(L17/0.3,1)*$T$10 | N17: =RANK(M17,$M$5:$M$154) | O17: =SUMPRODUCT(($C$5:$C$154=C17)*($M$5:$M$154>M17))+1 | P17: =ROUNDUP(N17/30,0) | Q17: =IF(OR(M17<0.75,H17<0.8),"Coaching","On Track") | R17: =C17&"|"&O17
A18: A5014 | B18: Lerato Mabaso | C18: MTN Retentions | D18: Anele Govender | E18: 31 | F18: 1436 | G18: 231 | H18: 0.9 | I18: 0.85 | J18: 0.91 | K18: 0.88 | L18: 0.14 | M18: =H18*$T$5+I18*$T$6+J18*$T$7+K18*$T$8+MIN(F18/$T$11,1)*$T$9+MIN(L18/0.3,1)*$T$10 | N18: =RANK(M18,$M$5:$M$154) | O18: =SUMPRODUCT(($C$5:$C$154=C18)*($M$5:$M$154>M18))+1 | P18: =ROUNDUP(N18/30,0) | Q18: =IF(OR(M18<0.75,H18<0.8),"Coaching","On Track") | R18: =C18&"|"&O18
A19: A5015 | B19: Bandile Botha | C19: DStv Upsell | D19: Anele Govender | E19: 23 | F19: 1733 | G19: 219 | H19: 0.83 | I19: 0.82 | J19: 0.93 | K19: 0.93 | L19: 0.23 | M19: =H19*$T$5+I19*$T$6+J19*$T$7+K19*$T$8+MIN(F19/$T$11,1)*$T$9+MIN(L19/0.3,1)*$T$10 | N19: =RANK(M19,$M$5:$M$154) | O19: =SUMPRODUCT(($C$5:$C$154=C19)*($M$5:$M$154>M19))+1 | P19: =ROUNDUP(N19/30,0) | Q19: =IF(OR(M19<0.75,H19<0.8),"Coaching","On Track") | R19: =C19&"|"&O19
A20: A5016 | B20: Musa Mahlangu | C20: Shoprite Surveys | D20: Refilwe Govender | E20: 27 | F20: 1853 | G20: 251 | H20: 0.93 | I20: 0.98 | J20: 0.91 | K20: 0.87 | L20: 0.05 | M20: =H20*$T$5+I20*$T$6+J20*$T$7+K20*$T$8+MIN(F20/$T$11,1)*$T$9+MIN(L20/0.3,1)*$T$10 | N20: =RANK(M20,$M$5:$M$154) | O20: =SUMPRODUCT(($C$5:$C$154=C20)*($M$5:$M$154>M20))+1 | P20: =ROUNDUP(N20/30,0) | Q20: =IF(OR(M20<0.75,H20<0.8),"Coaching","On Track") | R20: =C20&"|"&O20
A21: A5017 | B21: Vusi Dlamini | C21: Takealot Care | D21: Zodwa Molefe | E21: 36 | F21: 1447 | G21: 215 | H21: 0.76 | I21: 0.75 | J21: 0.92 | K21: 0.85 | L21: 0.07 | M21: =H21*$T$5+I21*$T$6+J21*$T$7+K21*$T$8+MIN(F21/$T$11,1)*$T$9+MIN(L21/0.3,1)*$T$10 | N21: =RANK(M21,$M$5:$M$154) | O21: =SUMPRODUCT(($C$5:$C$154=C21)*($M$5:$M$154>M21))+1 | P21: =ROUNDUP(N21/30,0) | Q21: =IF(OR(M21<0.75,H21<0.8),"Coaching","On Track") | R21: =C21&"|"&O21
A22: A5018 | B22: Palesa Naidoo | C22: Discovery Lead Gen | D22: Thabo Buthelezi | E22: 33 | F22: 1532 | G22: 272 | H22: 0.76 | I22: 0.88 | J22: 0.9 | K22: 0.89 | L22: 0.2 | M22: =H22*$T$5+I22*$T$6+J22*$T$7+K22*$T$8+MIN(F22/$T$11,1)*$T$9+MIN(L22/0.3,1)*$T$10 | N22: =RANK(M22,$M$5:$M$154) | O22: =SUMPRODUCT(($C$5:$C$154=C22)*($M$5:$M$154>M22))+1 | P22: =ROUNDUP(N22/30,0) | Q22: =IF(OR(M22<0.75,H22<0.8),"Coaching","On Track") | R22: =C22&"|"&O22
A23: A5019 | B23: Thabo Meyer | C23: Standard Bank Helpdesk | D23: Zodwa Molefe | E23: 14 | F23: 1993 | G23: 289 | H23: 0.94 | I23: 0.76 | J23: 0.82 | K23: 0.88 | L23: 0.21 | M23: =H23*$T$5+I23*$T$6+J23*$T$7+K23*$T$8+MIN(F23/$T$11,1)*$T$9+MIN(L23/0.3,1)*$T$10 | N23: =RANK(M23,$M$5:$M$154) | O23: =SUMPRODUCT(($C$5:$C$154=C23)*($M$5:$M$154>M23))+1 | P23: =ROUNDUP(N23/30,0) | Q23: =IF(OR(M23<0.75,H23<0.8),"Coaching","On Track") | R23: =C23&"|"&O23
A24: A5020 | B24: Amahle Jacobs | C24: MTN Retentions | D24: Mandla Mokoena | E24: 21 | F24: 2078 | G24: 285 | H24: 0.95 | I24: 0.82 | J24: 0.85 | K24: 0.85 | L24: 0.18 | M24: =H24*$T$5+I24*$T$6+J24*$T$7+K24*$T$8+MIN(F24/$T$11,1)*$T$9+MIN(L24/0.3,1)*$T$10 | N24: =RANK(M24,$M$5:$M$154) | O24: =SUMPRODUCT(($C$5:$C$154=C24)*($M$5:$M$154>M24))+1 | P24: =ROUNDUP(N24/30,0) | Q24: =IF(OR(M24<0.75,H24<0.8),"Coaching","On Track") | R24: =C24&"|"&O24
... A154: A5150 | B154: Keabetswe Khumalo | C154: Shoprite Surveys | D154: Precious Khumalo | E154: 38 | F154: 1077 | G154: 252 | H154: 0.98 | I154: 0.73 | J154: 0.88 | K154: 0.87 | L154: 0.21 | M154: =H154*$T$5+I154*$T$6+J154*$T$7+K154*$T$8+MIN(F154/$T$11,1)*$T$9+MIN(L154/0.3,1)*$T$10 | N154: =RANK(M154,$M$5:$M$154) | O154: =SUMPRODUCT(($C$5:$C$154=C154)*($M$5:$M$154>M154))+1 | P154: =ROUNDUP(N154/30,0) | Q154: =IF(OR(M154<0.75,H154<0.8),"Coaching","On Track") | R154: =C154&"|"&O154

Sheet Campaign Benchmarks
A1: Performance Benchmarks by Campaign
A2: AVERAGEIF benchmarks + top performer per campaign (INDEX/MATCH)
A4: Campaign | B4: Agents | C4: Avg QA | D4: Avg CSAT | E4: Avg Composite | F4: Coaching Cases | G4: Top Performer
A5: Vodacom Upgrades | B5: =COUNTIF('Agent Scorecard'!$C$5:$C$154,A5) | C5: =AVERAGEIF('Agent Scorecard'!$C$5:$C$154,A5,'Agent Scorecard'!$H$5:$H$154) | D5: =AVERAGEIF('Agent Scorecard'!$C$5:$C$154,A5,'Agent Scorecard'!$I$5:$I$154) | E5: =AVERAGEIF('Agent Scorecard'!$C$5:$C$154,A5,'Agent Scorecard'!$M$5:$M$154) | F5: =COUNTIFS('Agent Scorecard'!$C$5:$C$154,A5,'Agent Scorecard'!$Q$5:$Q$154,"Coaching") | G5: =IFERROR(INDEX('Agent Scorecard'!$B$5:$B$154,MATCH(A5&"|1",'Agent Scorecard'!$R$5:$R$154,0)),"")
A6: ABSA Collections | B6: =COUNTIF('Agent Scorecard'!$C$5:$C$154,A6) | C6: =AVERAGEIF('Agent Scorecard'!$C$5:$C$154,A6,'Agent Scorecard'!$H$5:$H$154) | D6: =AVERAGEIF('Agent Scorecard'!$C$5:$C$154,A6,'Agent Scorecard'!$I$5:$I$154) | E6: =AVERAGEIF('Agent Scorecard'!$C$5:$C$154,A6,'Agent Scorecard'!$M$5:$M$154) | F6: =COUNTIFS('Agent Scorecard'!$C$5:$C$154,A6,'Agent Scorecard'!$Q$5:$Q$154,"Coaching") | G6: =IFERROR(INDEX('Agent Scorecard'!$B$5:$B$154,MATCH(A6&"|1",'Agent Scorecard'!$R$5:$R$154,0)),"")
A7: MTN Retentions | B7: =COUNTIF('Agent Scorecard'!$C$5:$C$154,A7) | C7: =AVERAGEIF('Agent Scorecard'!$C$5:$C$154,A7,'Agent Scorecard'!$H$5:$H$154) | D7: =AVERAGEIF('Agent Scorecard'!$C$5:$C$154,A7,'Agent Scorecard'!$I$5:$I$154) | E7: =AVERAGEIF('Agent Scorecard'!$C$5:$C$154,A7,'Agent Scorecard'!$M$5:$M$154) | F7: =COUNTIFS('Agent Scorecard'!$C$5:$C$154,A7,'Agent Scorecard'!$Q$5:$Q$154,"Coaching") | G7: =IFERROR(INDEX('Agent Scorecard'!$B$5:$B$154,MATCH(A7&"|1",'Agent Scorecard'!$R$5:$R$154,0)),"")
A8: Takealot Care | B8: =COUNTIF('Agent Scorecard'!$C$5:$C$154,A8) | C8: =AVERAGEIF('Agent Scorecard'!$C$5:$C$154,A8,'Agent Scorecard'!$H$5:$H$154) | D8: =AVERAGEIF('Agent Scorecard'!$C$5:$C$154,A8,'Agent Scorecard'!$I$5:$I$154) | E8: =AVERAGEIF('Agent Scorecard'!$C$5:$C$154,A8,'Agent Scorecard'!$M$5:$M$154) | F8: =COUNTIFS('Agent Scorecard'!$C$5:$C$154,A8,'Agent Scorecard'!$Q$5:$Q$154,"Coaching") | G8: =IFERROR(INDEX('Agent Scorecard'!$B$5:$B$154,MATCH(A8&"|1",'Agent Scorecard'!$R$5:$R$154,0)),"")
A9: Telkom Tech Support | B9: =COUNTIF('Agent Scorecard'!$C$5:$C$154,A9) | C9: =AVERAGEIF('Agent Scorecard'!$C$5:$C$154,A9,'Agent Scorecard'!$H$5:$H$154) | D9: =AVERAGEIF('Agent Scorecard'!$C$5:$C$154,A9,'Agent Scorecard'!$I$5:$I$154) | E9: =AVERAGEIF('Agent Scorecard'!$C$5:$C$154,A9,'Agent Scorecard'!$M$5:$M$154) | F9: =COUNTIFS('Agent Scorecard'!$C$5:$C$154,A9,'Agent Scorecard'!$Q$5:$Q$154,"Coaching") | G9: =IFERROR(INDEX('Agent Scorecard'!$B$5:$B$154,MATCH(A9&"|1",'Agent Scorecard'!$R$5:$R$154,0)),"")
A10: Nedbank Debt Review | B10: =COUNTIF('Agent Scorecard'!$C$5:$C$154,A10) | C10: =AVERAGEIF('Agent Scorecard'!$C$5:$C$154,A10,'Agent Scorecard'!$H$5:$H$154) | D10: =AVERAGEIF('Agent Scorecard'!$C$5:$C$154,A10,'Agent Scorecard'!$I$5:$I$154) | E10: =AVERAGEIF('Agent Scorecard'!$C$5:$C$154,A10,'Agent Scorecard'!$M$5:$M$154) | F10: =COUNTIFS('Agent Scorecard'!$C$5:$C$154,A10,'Agent Scorecard'!$Q$5:$Q$154,"Coaching") | G10: =IFERROR(INDEX('Agent Scorecard'!$B$5:$B$154,MATCH(A10&"|1",'Agent Scorecard'!$R$5:$R$154,0)),"")
A11: DStv Upsell | B11: =COUNTIF('Agent Scorecard'!$C$5:$C$154,A11) | C11: =AVERAGEIF('Agent Scorecard'!$C$5:$C$154,A11,'Agent Scorecard'!$H$5:$H$154) | D11: =AVERAGEIF('Agent Scorecard'!$C$5:$C$154,A11,'Agent Scorecard'!$I$5:$I$154) | E11: =AVERAGEIF('Agent Scorecard'!$C$5:$C$154,A11,'Agent Scorecard'!$M$5:$M$154) | F11: =COUNTIFS('Agent Scorecard'!$C$5:$C$154,A11,'Agent Scorecard'!$Q$5:$Q$154,"Coaching") | G11: =IFERROR(INDEX('Agent Scorecard'!$B$5:$B$154,MATCH(A11&"|1",'Agent Scorecard'!$R$5:$R$154,0)),"")
A12: Discovery Lead Gen | B12: =COUNTIF('Agent Scorecard'!$C$5:$C$154,A12) | C12: =AVERAGEIF('Agent Scorecard'!$C$5:$C$154,A12,'Agent Scorecard'!$H$5:$H$154) | D12: =AVERAGEIF('Agent Scorecard'!$C$5:$C$154,A12,'Agent Scorecard'!$I$5:$I$154) | E12: =AVERAGEIF('Agent Scorecard'!$C$5:$C$154,A12,'Agent Scorecard'!$M$5:$M$154) | F12: =COUNTIFS('Agent Scorecard'!$C$5:$C$154,A12,'Agent Scorecard'!$Q$5:$Q$154,"Coaching") | G12: =IFERROR(INDEX('Agent Scorecard'!$B$5:$B$154,MATCH(A12&"|1",'Agent Scorecard'!$R$5:$R$154,0)),"")
A13: Cell C Winback | B13: =COUNTIF('Agent Scorecard'!$C$5:$C$154,A13) | C13: =AVERAGEIF('Agent Scorecard'!$C$5:$C$154,A13,'Agent Scorecard'!$H$5:$H$154) | D13: =AVERAGEIF('Agent Scorecard'!$C$5:$C$154,A13,'Agent Scorecard'!$I$5:$I$154) | E13: =AVERAGEIF('Agent Scorecard'!$C$5:$C$154,A13,'Agent Scorecard'!$M$5:$M$154) | F13: =COUNTIFS('Agent Scorecard'!$C$5:$C$154,A13,'Agent Scorecard'!$Q$5:$Q$154,"Coaching") | G13: =IFERROR(INDEX('Agent Scorecard'!$B$5:$B$154,MATCH(A13&"|1",'Agent Scorecard'!$R$5:$R$154,0)),"")
A14: OUTsurance Sales | B14: =COUNTIF('Agent Scorecard'!$C$5:$C$154,A14) | C14: =AVERAGEIF('Agent Scorecard'!$C$5:$C$154,A14,'Agent Scorecard'!$H$5:$H$154) | D14: =AVERAGEIF('Agent Scorecard'!$C$5:$C$154,A14,'Agent Scorecard'!$I$5:$I$154) | E14: =AVERAGEIF('Agent Scorecard'!$C$5:$C$154,A14,'Agent Scorecard'!$M$5:$M$154) | F14: =COUNTIFS('Agent Scorecard'!$C$5:$C$154,A14,'Agent Scorecard'!$Q$5:$Q$154,"Coaching") | G14: =IFERROR(INDEX('Agent Scorecard'!$B$5:$B$154,MATCH(A14&"|1",'Agent Scorecard'!$R$5:$R$154,0)),"")
A15: Standard Bank Helpdesk | B15: =COUNTIF('Agent Scorecard'!$C$5:$C$154,A15) | C15: =AVERAGEIF('Agent Scorecard'!$C$5:$C$154,A15,'Agent Scorecard'!$H$5:$H$154) | D15: =AVERAGEIF('Agent Scorecard'!$C$5:$C$154,A15,'Agent Scorecard'!$I$5:$I$154) | E15: =AVERAGEIF('Agent Scorecard'!$C$5:$C$154,A15,'Agent Scorecard'!$M$5:$M$154) | F15: =COUNTIFS('Agent Scorecard'!$C$5:$C$154,A15,'Agent Scorecard'!$Q$5:$Q$154,"Coaching") | G15: =IFERROR(INDEX('Agent Scorecard'!$B$5:$B$154,MATCH(A15&"|1",'Agent Scorecard'!$R$5:$R$154,0)),"")
A16: Shoprite Surveys | B16: =COUNTIF('Agent Scorecard'!$C$5:$C$154,A16) | C16: =AVERAGEIF('Agent Scorecard'!$C$5:$C$154,A16,'Agent Scorecard'!$H$5:$H$154) | D16: =AVERAGEIF('Agent Scorecard'!$C$5:$C$154,A16,'Agent Scorecard'!$I$5:$I$154) | E16: =AVERAGEIF('Agent Scorecard'!$C$5:$C$154,A16,'Agent Scorecard'!$M$5:$M$154) | F16: =COUNTIFS('Agent Scorecard'!$C$5:$C$154,A16,'Agent Scorecard'!$Q$5:$Q$154,"Coaching") | G16: =IFERROR(INDEX('Agent Scorecard'!$B$5:$B$154,MATCH(A16&"|1",'Agent Scorecard'!$R$5:$R$154,0)),"")
