Workbook

Sheet Dashboard
A1: Budget Performance Dashboard — YTD
A2: YTD budget vs actual by cost centre (SUMIF)
A4: YTD Budget | C4: YTD Actual | E4: YTD Variance | G4: Variance %
A5: =SUM('Budget Detail'!C5:C52) | C5: =SUM('Budget Detail'!D5:D52) | E5: =SUM('Budget Detail'!E5:E52) | G5: =SUM('Budget Detail'!E5:E52)/SUM('Budget Detail'!C5:C52)
A8: Cost Centre | B8: Budget | C8: Actual | D8: Variance | E8: Variance %
A9: Operations | B9: =SUMIF('Budget Detail'!$A$5:$A$52,A9,'Budget Detail'!$C$5:$C$52) | C9: =SUMIF('Budget Detail'!$A$5:$A$52,A9,'Budget Detail'!$D$5:$D$52) | D9: =C9-B9 | E9: =D9/B9-1
A10: Customer Care | B10: =SUMIF('Budget Detail'!$A$5:$A$52,A10,'Budget Detail'!$C$5:$C$52) | C10: =SUMIF('Budget Detail'!$A$5:$A$52,A10,'Budget Detail'!$D$5:$D$52) | D10: =C10-B10 | E10: =D10/B10-1
A11: Sales | B11: =SUMIF('Budget Detail'!$A$5:$A$52,A11,'Budget Detail'!$C$5:$C$52) | C11: =SUMIF('Budget Detail'!$A$5:$A$52,A11,'Budget Detail'!$D$5:$D$52) | D11: =C11-B11 | E11: =D11/B11-1
A12: IT Support | B12: =SUMIF('Budget Detail'!$A$5:$A$52,A12,'Budget Detail'!$C$5:$C$52) | C12: =SUMIF('Budget Detail'!$A$5:$A$52,A12,'Budget Detail'!$D$5:$D$52) | D12: =C12-B12 | E12: =D12/B12-1
A13: Admin | B13: =SUMIF('Budget Detail'!$A$5:$A$52,A13,'Budget Detail'!$C$5:$C$52) | C13: =SUMIF('Budget Detail'!$A$5:$A$52,A13,'Budget Detail'!$D$5:$D$52) | D13: =C13-B13 | E13: =D13/B13-1
A14: Quality | B14: =SUMIF('Budget Detail'!$A$5:$A$52,A14,'Budget Detail'!$C$5:$C$52) | C14: =SUMIF('Budget Detail'!$A$5:$A$52,A14,'Budget Detail'!$D$5:$D$52) | D14: =C14-B14 | E14: =D14/B14-1
A15: Team Leaders | B15: =SUMIF('Budget Detail'!$A$5:$A$52,A15,'Budget Detail'!$C$5:$C$52) | C15: =SUMIF('Budget Detail'!$A$5:$A$52,A15,'Budget Detail'!$D$5:$D$52) | D15: =C15-B15 | E15: =D15/B15-1
A16: Training | B16: =SUMIF('Budget Detail'!$A$5:$A$52,A16,'Budget Detail'!$C$5:$C$52) | C16: =SUMIF('Budget Detail'!$A$5:$A$52,A16,'Budget Detail'!$D$5:$D$52) | D16: =C16-B16 | E16: =D16/B16-1

Sheet Budget Detail
A1: Operating Budget vs Actual — by Cost Centre & Month (ZAR)
A2: Monthly budget vs actual with variance and % variance; YTD roll-up on the Dashboard
A4: Cost Centre | B4: Month | C4: Budget | D4: Actual | E4: Variance | F4: Variance % | G4: Status
A5: Operations | B5: Feb-26 | C5: 423707 | D5: 465874 | E5: =D5-C5 | F5: =(D5-C5)/C5 | G5: =IF(D5<=C5,"On/Under","Over Budget")
A6: Operations | B6: Mar-26 | C6: 425256 | D6: 411599 | E6: =D6-C6 | F6: =(D6-C6)/C6 | G6: =IF(D6<=C6,"On/Under","Over Budget")
A7: Operations | B7: Apr-26 | C7: 437695 | D7: 418616 | E7: =D7-C7 | F7: =(D7-C7)/C7 | G7: =IF(D7<=C7,"On/Under","Over Budget")
A8: Operations | B8: May-26 | C8: 458975 | D8: 467564 | E8: =D8-C8 | F8: =(D8-C8)/C8 | G8: =IF(D8<=C8,"On/Under","Over Budget")
A9: Operations | B9: Jun-26 | C9: 429832 | D9: 385012 | E9: =D9-C9 | F9: =(D9-C9)/C9 | G9: =IF(D9<=C9,"On/Under","Over Budget")
A10: Operations | B10: Jul-26 | C10: 460575 | D10: 506248 | E10: =D10-C10 | F10: =(D10-C10)/C10 | G10: =IF(D10<=C10,"On/Under","Over Budget")
A11: Customer Care | B11: Feb-26 | C11: 712961 | D11: 726692 | E11: =D11-C11 | F11: =(D11-C11)/C11 | G11: =IF(D11<=C11,"On/Under","Over Budget")
A12: Customer Care | B12: Mar-26 | C12: 721370 | D12: 653411 | E12: =D12-C12 | F12: =(D12-C12)/C12 | G12: =IF(D12<=C12,"On/Under","Over Budget")
A13: Customer Care | B13: Apr-26 | C13: 732485 | D13: 804860 | E13: =D13-C13 | F13: =(D13-C13)/C13 | G13: =IF(D13<=C13,"On/Under","Over Budget")
A14: Customer Care | B14: May-26 | C14: 710220 | D14: 797230 | E14: =D14-C14 | F14: =(D14-C14)/C14 | G14: =IF(D14<=C14,"On/Under","Over Budget")
A15: Customer Care | B15: Jun-26 | C15: 690398 | D15: 629366 | E15: =D15-C15 | F15: =(D15-C15)/C15 | G15: =IF(D15<=C15,"On/Under","Over Budget")
A16: Customer Care | B16: Jul-26 | C16: 693466 | D16: 660808 | E16: =D16-C16 | F16: =(D16-C16)/C16 | G16: =IF(D16<=C16,"On/Under","Over Budget")
... A52: Training | B52: Jul-26 | C52: 682977 | D52: 637916 | E52: =D52-C52 | F52: =(D52-C52)/C52 | G52: =IF(D52<=C52,"On/Under","Over Budget")
A53: TOTAL | C53: =SUM(C5:C52) | D53: =SUM(D5:D52) | E53: =SUM(E5:E52) | F53: =E53/C53
