Workbook

Sheet SLA Scorecard
A1: Client SLA Scorecard — Jul-26 (Actual vs Target, RAG)
A2: Latest-month actuals (AVERAGEIFS) vs contractual targets (INDEX/MATCH). Met/Miss drives RAG & penalties.
A4: Campaigns Green | C4: Campaigns Amber | E4: Campaigns Red | G4: Avg SLA Attainment | I4: Total Penalties (R) | K4: Avg Service Level
A5: =COUNTIF($T$9:$T$20,"Green") | C5: =COUNTIF($T$9:$T$20,"Amber") | E5: =COUNTIF($T$9:$T$20,"Red") | G5: =AVERAGE($R$9:$R$20) | I5: =SUM($S$9:$S$20) | K5: =AVERAGE($B$9:$B$20)
A8: Campaign | B8: SL Act | C8: CSAT Act | D8: QA Act | E8: ASA Act | F8: Abn Act | G8: SL Tgt | H8: CSAT Tgt | I8: QA Tgt | J8: ASA Tgt | K8: Abn Tgt | L8: SL | M8: CSAT | N8: QA | O8: ASA | P8: Abandon | Q8: Met /5 | R8: Attain % | S8: Penalty (R) | T8: RAG
A9: Vodacom Upgrades | B9: =AVERAGEIFS('SLA Actuals'!$C$5:$C$76,'SLA Actuals'!$A$5:$A$76,A9,'SLA Actuals'!$B$5:$B$76,"Jul-26") | C9: =AVERAGEIFS('SLA Actuals'!$D$5:$D$76,'SLA Actuals'!$A$5:$A$76,A9,'SLA Actuals'!$B$5:$B$76,"Jul-26") | D9: =AVERAGEIFS('SLA Actuals'!$E$5:$E$76,'SLA Actuals'!$A$5:$A$76,A9,'SLA Actuals'!$B$5:$B$76,"Jul-26") | E9: =AVERAGEIFS('SLA Actuals'!$F$5:$F$76,'SLA Actuals'!$A$5:$A$76,A9,'SLA Actuals'!$B$5:$B$76,"Jul-26") | F9: =AVERAGEIFS('SLA Actuals'!$G$5:$G$76,'SLA Actuals'!$A$5:$A$76,A9,'SLA Actuals'!$B$5:$B$76,"Jul-26") | G9: =INDEX('SLA Targets'!$B$5:$B$16,MATCH(A9,'SLA Targets'!$A$5:$A$16,0)) | H9: =INDEX('SLA Targets'!$C$5:$C$16,MATCH(A9,'SLA Targets'!$A$5:$A$16,0)) | I9: =INDEX('SLA Targets'!$D$5:$D$16,MATCH(A9,'SLA Targets'!$A$5:$A$16,0)) | J9: =INDEX('SLA Targets'!$E$5:$E$16,MATCH(A9,'SLA Targets'!$A$5:$A$16,0)) | K9: =INDEX('SLA Targets'!$F$5:$F$16,MATCH(A9,'SLA Targets'!$A$5:$A$16,0)) | L9: =IF(B9>=G9,"Met","Miss") | M9: =IF(C9>=H9,"Met","Miss") | N9: =IF(D9>=I9,"Met","Miss") | O9: =IF(E9<=J9,"Met","Miss") | P9: =IF(F9<=K9,"Met","Miss") | Q9: =COUNTIF(L9:P9,"Met") | R9: =Q9/5 | S9: =IF(L9="Miss",INDEX('SLA Targets'!$G$5:$G$16,MATCH(A9,'SLA Targets'!$A$5:$A$16,0)),0) | T9: =IF(R9=1,"Green",IF(R9>=0.6,"Amber","Red"))
A10: ABSA Collections | B10: =AVERAGEIFS('SLA Actuals'!$C$5:$C$76,'SLA Actuals'!$A$5:$A$76,A10,'SLA Actuals'!$B$5:$B$76,"Jul-26") | C10: =AVERAGEIFS('SLA Actuals'!$D$5:$D$76,'SLA Actuals'!$A$5:$A$76,A10,'SLA Actuals'!$B$5:$B$76,"Jul-26") | D10: =AVERAGEIFS('SLA Actuals'!$E$5:$E$76,'SLA Actuals'!$A$5:$A$76,A10,'SLA Actuals'!$B$5:$B$76,"Jul-26") | E10: =AVERAGEIFS('SLA Actuals'!$F$5:$F$76,'SLA Actuals'!$A$5:$A$76,A10,'SLA Actuals'!$B$5:$B$76,"Jul-26") | F10: =AVERAGEIFS('SLA Actuals'!$G$5:$G$76,'SLA Actuals'!$A$5:$A$76,A10,'SLA Actuals'!$B$5:$B$76,"Jul-26") | G10: =INDEX('SLA Targets'!$B$5:$B$16,MATCH(A10,'SLA Targets'!$A$5:$A$16,0)) | H10: =INDEX('SLA Targets'!$C$5:$C$16,MATCH(A10,'SLA Targets'!$A$5:$A$16,0)) | I10: =INDEX('SLA Targets'!$D$5:$D$16,MATCH(A10,'SLA Targets'!$A$5:$A$16,0)) | J10: =INDEX('SLA Targets'!$E$5:$E$16,MATCH(A10,'SLA Targets'!$A$5:$A$16,0)) | K10: =INDEX('SLA Targets'!$F$5:$F$16,MATCH(A10,'SLA Targets'!$A$5:$A$16,0)) | L10: =IF(B10>=G10,"Met","Miss") | M10: =IF(C10>=H10,"Met","Miss") | N10: =IF(D10>=I10,"Met","Miss") | O10: =IF(E10<=J10,"Met","Miss") | P10: =IF(F10<=K10,"Met","Miss") | Q10: =COUNTIF(L10:P10,"Met") | R10: =Q10/5 | S10: =IF(L10="Miss",INDEX('SLA Targets'!$G$5:$G$16,MATCH(A10,'SLA Targets'!$A$5:$A$16,0)),0) | T10: =IF(R10=1,"Green",IF(R10>=0.6,"Amber","Red"))
A11: MTN Retentions | B11: =AVERAGEIFS('SLA Actuals'!$C$5:$C$76,'SLA Actuals'!$A$5:$A$76,A11,'SLA Actuals'!$B$5:$B$76,"Jul-26") | C11: =AVERAGEIFS('SLA Actuals'!$D$5:$D$76,'SLA Actuals'!$A$5:$A$76,A11,'SLA Actuals'!$B$5:$B$76,"Jul-26") | D11: =AVERAGEIFS('SLA Actuals'!$E$5:$E$76,'SLA Actuals'!$A$5:$A$76,A11,'SLA Actuals'!$B$5:$B$76,"Jul-26") | E11: =AVERAGEIFS('SLA Actuals'!$F$5:$F$76,'SLA Actuals'!$A$5:$A$76,A11,'SLA Actuals'!$B$5:$B$76,"Jul-26") | F11: =AVERAGEIFS('SLA Actuals'!$G$5:$G$76,'SLA Actuals'!$A$5:$A$76,A11,'SLA Actuals'!$B$5:$B$76,"Jul-26") | G11: =INDEX('SLA Targets'!$B$5:$B$16,MATCH(A11,'SLA Targets'!$A$5:$A$16,0)) | H11: =INDEX('SLA Targets'!$C$5:$C$16,MATCH(A11,'SLA Targets'!$A$5:$A$16,0)) | I11: =INDEX('SLA Targets'!$D$5:$D$16,MATCH(A11,'SLA Targets'!$A$5:$A$16,0)) | J11: =INDEX('SLA Targets'!$E$5:$E$16,MATCH(A11,'SLA Targets'!$A$5:$A$16,0)) | K11: =INDEX('SLA Targets'!$F$5:$F$16,MATCH(A11,'SLA Targets'!$A$5:$A$16,0)) | L11: =IF(B11>=G11,"Met","Miss") | M11: =IF(C11>=H11,"Met","Miss") | N11: =IF(D11>=I11,"Met","Miss") | O11: =IF(E11<=J11,"Met","Miss") | P11: =IF(F11<=K11,"Met","Miss") | Q11: =COUNTIF(L11:P11,"Met") | R11: =Q11/5 | S11: =IF(L11="Miss",INDEX('SLA Targets'!$G$5:$G$16,MATCH(A11,'SLA Targets'!$A$5:$A$16,0)),0) | T11: =IF(R11=1,"Green",IF(R11>=0.6,"Amber","Red"))
A12: Takealot Care | B12: =AVERAGEIFS('SLA Actuals'!$C$5:$C$76,'SLA Actuals'!$A$5:$A$76,A12,'SLA Actuals'!$B$5:$B$76,"Jul-26") | C12: =AVERAGEIFS('SLA Actuals'!$D$5:$D$76,'SLA Actuals'!$A$5:$A$76,A12,'SLA Actuals'!$B$5:$B$76,"Jul-26") | D12: =AVERAGEIFS('SLA Actuals'!$E$5:$E$76,'SLA Actuals'!$A$5:$A$76,A12,'SLA Actuals'!$B$5:$B$76,"Jul-26") | E12: =AVERAGEIFS('SLA Actuals'!$F$5:$F$76,'SLA Actuals'!$A$5:$A$76,A12,'SLA Actuals'!$B$5:$B$76,"Jul-26") | F12: =AVERAGEIFS('SLA Actuals'!$G$5:$G$76,'SLA Actuals'!$A$5:$A$76,A12,'SLA Actuals'!$B$5:$B$76,"Jul-26") | G12: =INDEX('SLA Targets'!$B$5:$B$16,MATCH(A12,'SLA Targets'!$A$5:$A$16,0)) | H12: =INDEX('SLA Targets'!$C$5:$C$16,MATCH(A12,'SLA Targets'!$A$5:$A$16,0)) | I12: =INDEX('SLA Targets'!$D$5:$D$16,MATCH(A12,'SLA Targets'!$A$5:$A$16,0)) | J12: =INDEX('SLA Targets'!$E$5:$E$16,MATCH(A12,'SLA Targets'!$A$5:$A$16,0)) | K12: =INDEX('SLA Targets'!$F$5:$F$16,MATCH(A12,'SLA Targets'!$A$5:$A$16,0)) | L12: =IF(B12>=G12,"Met","Miss") | M12: =IF(C12>=H12,"Met","Miss") | N12: =IF(D12>=I12,"Met","Miss") | O12: =IF(E12<=J12,"Met","Miss") | P12: =IF(F12<=K12,"Met","Miss") | Q12: =COUNTIF(L12:P12,"Met") | R12: =Q12/5 | S12: =IF(L12="Miss",INDEX('SLA Targets'!$G$5:$G$16,MATCH(A12,'SLA Targets'!$A$5:$A$16,0)),0) | T12: =IF(R12=1,"Green",IF(R12>=0.6,"Amber","Red"))
A13: Telkom Tech Support | B13: =AVERAGEIFS('SLA Actuals'!$C$5:$C$76,'SLA Actuals'!$A$5:$A$76,A13,'SLA Actuals'!$B$5:$B$76,"Jul-26") | C13: =AVERAGEIFS('SLA Actuals'!$D$5:$D$76,'SLA Actuals'!$A$5:$A$76,A13,'SLA Actuals'!$B$5:$B$76,"Jul-26") | D13: =AVERAGEIFS('SLA Actuals'!$E$5:$E$76,'SLA Actuals'!$A$5:$A$76,A13,'SLA Actuals'!$B$5:$B$76,"Jul-26") | E13: =AVERAGEIFS('SLA Actuals'!$F$5:$F$76,'SLA Actuals'!$A$5:$A$76,A13,'SLA Actuals'!$B$5:$B$76,"Jul-26") | F13: =AVERAGEIFS('SLA Actuals'!$G$5:$G$76,'SLA Actuals'!$A$5:$A$76,A13,'SLA Actuals'!$B$5:$B$76,"Jul-26") | G13: =INDEX('SLA Targets'!$B$5:$B$16,MATCH(A13,'SLA Targets'!$A$5:$A$16,0)) | H13: =INDEX('SLA Targets'!$C$5:$C$16,MATCH(A13,'SLA Targets'!$A$5:$A$16,0)) | I13: =INDEX('SLA Targets'!$D$5:$D$16,MATCH(A13,'SLA Targets'!$A$5:$A$16,0)) | J13: =INDEX('SLA Targets'!$E$5:$E$16,MATCH(A13,'SLA Targets'!$A$5:$A$16,0)) | K13: =INDEX('SLA Targets'!$F$5:$F$16,MATCH(A13,'SLA Targets'!$A$5:$A$16,0)) | L13: =IF(B13>=G13,"Met","Miss") | M13: =IF(C13>=H13,"Met","Miss") | N13: =IF(D13>=I13,"Met","Miss") | O13: =IF(E13<=J13,"Met","Miss") | P13: =IF(F13<=K13,"Met","Miss") | Q13: =COUNTIF(L13:P13,"Met") | R13: =Q13/5 | S13: =IF(L13="Miss",INDEX('SLA Targets'!$G$5:$G$16,MATCH(A13,'SLA Targets'!$A$5:$A$16,0)),0) | T13: =IF(R13=1,"Green",IF(R13>=0.6,"Amber","Red"))
A14: Nedbank Debt Review | B14: =AVERAGEIFS('SLA Actuals'!$C$5:$C$76,'SLA Actuals'!$A$5:$A$76,A14,'SLA Actuals'!$B$5:$B$76,"Jul-26") | C14: =AVERAGEIFS('SLA Actuals'!$D$5:$D$76,'SLA Actuals'!$A$5:$A$76,A14,'SLA Actuals'!$B$5:$B$76,"Jul-26") | D14: =AVERAGEIFS('SLA Actuals'!$E$5:$E$76,'SLA Actuals'!$A$5:$A$76,A14,'SLA Actuals'!$B$5:$B$76,"Jul-26") | E14: =AVERAGEIFS('SLA Actuals'!$F$5:$F$76,'SLA Actuals'!$A$5:$A$76,A14,'SLA Actuals'!$B$5:$B$76,"Jul-26") | F14: =AVERAGEIFS('SLA Actuals'!$G$5:$G$76,'SLA Actuals'!$A$5:$A$76,A14,'SLA Actuals'!$B$5:$B$76,"Jul-26") | G14: =INDEX('SLA Targets'!$B$5:$B$16,MATCH(A14,'SLA Targets'!$A$5:$A$16,0)) | H14: =INDEX('SLA Targets'!$C$5:$C$16,MATCH(A14,'SLA Targets'!$A$5:$A$16,0)) | I14: =INDEX('SLA Targets'!$D$5:$D$16,MATCH(A14,'SLA Targets'!$A$5:$A$16,0)) | J14: =INDEX('SLA Targets'!$E$5:$E$16,MATCH(A14,'SLA Targets'!$A$5:$A$16,0)) | K14: =INDEX('SLA Targets'!$F$5:$F$16,MATCH(A14,'SLA Targets'!$A$5:$A$16,0)) | L14: =IF(B14>=G14,"Met","Miss") | M14: =IF(C14>=H14,"Met","Miss") | N14: =IF(D14>=I14,"Met","Miss") | O14: =IF(E14<=J14,"Met","Miss") | P14: =IF(F14<=K14,"Met","Miss") | Q14: =COUNTIF(L14:P14,"Met") | R14: =Q14/5 | S14: =IF(L14="Miss",INDEX('SLA Targets'!$G$5:$G$16,MATCH(A14,'SLA Targets'!$A$5:$A$16,0)),0) | T14: =IF(R14=1,"Green",IF(R14>=0.6,"Amber","Red"))
A15: DStv Upsell | B15: =AVERAGEIFS('SLA Actuals'!$C$5:$C$76,'SLA Actuals'!$A$5:$A$76,A15,'SLA Actuals'!$B$5:$B$76,"Jul-26") | C15: =AVERAGEIFS('SLA Actuals'!$D$5:$D$76,'SLA Actuals'!$A$5:$A$76,A15,'SLA Actuals'!$B$5:$B$76,"Jul-26") | D15: =AVERAGEIFS('SLA Actuals'!$E$5:$E$76,'SLA Actuals'!$A$5:$A$76,A15,'SLA Actuals'!$B$5:$B$76,"Jul-26") | E15: =AVERAGEIFS('SLA Actuals'!$F$5:$F$76,'SLA Actuals'!$A$5:$A$76,A15,'SLA Actuals'!$B$5:$B$76,"Jul-26") | F15: =AVERAGEIFS('SLA Actuals'!$G$5:$G$76,'SLA Actuals'!$A$5:$A$76,A15,'SLA Actuals'!$B$5:$B$76,"Jul-26") | G15: =INDEX('SLA Targets'!$B$5:$B$16,MATCH(A15,'SLA Targets'!$A$5:$A$16,0)) | H15: =INDEX('SLA Targets'!$C$5:$C$16,MATCH(A15,'SLA Targets'!$A$5:$A$16,0)) | I15: =INDEX('SLA Targets'!$D$5:$D$16,MATCH(A15,'SLA Targets'!$A$5:$A$16,0)) | J15: =INDEX('SLA Targets'!$E$5:$E$16,MATCH(A15,'SLA Targets'!$A$5:$A$16,0)) | K15: =INDEX('SLA Targets'!$F$5:$F$16,MATCH(A15,'SLA Targets'!$A$5:$A$16,0)) | L15: =IF(B15>=G15,"Met","Miss") | M15: =IF(C15>=H15,"Met","Miss") | N15: =IF(D15>=I15,"Met","Miss") | O15: =IF(E15<=J15,"Met","Miss") | P15: =IF(F15<=K15,"Met","Miss") | Q15: =COUNTIF(L15:P15,"Met") | R15: =Q15/5 | S15: =IF(L15="Miss",INDEX('SLA Targets'!$G$5:$G$16,MATCH(A15,'SLA Targets'!$A$5:$A$16,0)),0) | T15: =IF(R15=1,"Green",IF(R15>=0.6,"Amber","Red"))
A16: Discovery Lead Gen | B16: =AVERAGEIFS('SLA Actuals'!$C$5:$C$76,'SLA Actuals'!$A$5:$A$76,A16,'SLA Actuals'!$B$5:$B$76,"Jul-26") | C16: =AVERAGEIFS('SLA Actuals'!$D$5:$D$76,'SLA Actuals'!$A$5:$A$76,A16,'SLA Actuals'!$B$5:$B$76,"Jul-26") | D16: =AVERAGEIFS('SLA Actuals'!$E$5:$E$76,'SLA Actuals'!$A$5:$A$76,A16,'SLA Actuals'!$B$5:$B$76,"Jul-26") | E16: =AVERAGEIFS('SLA Actuals'!$F$5:$F$76,'SLA Actuals'!$A$5:$A$76,A16,'SLA Actuals'!$B$5:$B$76,"Jul-26") | F16: =AVERAGEIFS('SLA Actuals'!$G$5:$G$76,'SLA Actuals'!$A$5:$A$76,A16,'SLA Actuals'!$B$5:$B$76,"Jul-26") | G16: =INDEX('SLA Targets'!$B$5:$B$16,MATCH(A16,'SLA Targets'!$A$5:$A$16,0)) | H16: =INDEX('SLA Targets'!$C$5:$C$16,MATCH(A16,'SLA Targets'!$A$5:$A$16,0)) | I16: =INDEX('SLA Targets'!$D$5:$D$16,MATCH(A16,'SLA Targets'!$A$5:$A$16,0)) | J16: =INDEX('SLA Targets'!$E$5:$E$16,MATCH(A16,'SLA Targets'!$A$5:$A$16,0)) | K16: =INDEX('SLA Targets'!$F$5:$F$16,MATCH(A16,'SLA Targets'!$A$5:$A$16,0)) | L16: =IF(B16>=G16,"Met","Miss") | M16: =IF(C16>=H16,"Met","Miss") | N16: =IF(D16>=I16,"Met","Miss") | O16: =IF(E16<=J16,"Met","Miss") | P16: =IF(F16<=K16,"Met","Miss") | Q16: =COUNTIF(L16:P16,"Met") | R16: =Q16/5 | S16: =IF(L16="Miss",INDEX('SLA Targets'!$G$5:$G$16,MATCH(A16,'SLA Targets'!$A$5:$A$16,0)),0) | T16: =IF(R16=1,"Green",IF(R16>=0.6,"Amber","Red"))
A17: Cell C Winback | B17: =AVERAGEIFS('SLA Actuals'!$C$5:$C$76,'SLA Actuals'!$A$5:$A$76,A17,'SLA Actuals'!$B$5:$B$76,"Jul-26") | C17: =AVERAGEIFS('SLA Actuals'!$D$5:$D$76,'SLA Actuals'!$A$5:$A$76,A17,'SLA Actuals'!$B$5:$B$76,"Jul-26") | D17: =AVERAGEIFS('SLA Actuals'!$E$5:$E$76,'SLA Actuals'!$A$5:$A$76,A17,'SLA Actuals'!$B$5:$B$76,"Jul-26") | E17: =AVERAGEIFS('SLA Actuals'!$F$5:$F$76,'SLA Actuals'!$A$5:$A$76,A17,'SLA Actuals'!$B$5:$B$76,"Jul-26") | F17: =AVERAGEIFS('SLA Actuals'!$G$5:$G$76,'SLA Actuals'!$A$5:$A$76,A17,'SLA Actuals'!$B$5:$B$76,"Jul-26") | G17: =INDEX('SLA Targets'!$B$5:$B$16,MATCH(A17,'SLA Targets'!$A$5:$A$16,0)) | H17: =INDEX('SLA Targets'!$C$5:$C$16,MATCH(A17,'SLA Targets'!$A$5:$A$16,0)) | I17: =INDEX('SLA Targets'!$D$5:$D$16,MATCH(A17,'SLA Targets'!$A$5:$A$16,0)) | J17: =INDEX('SLA Targets'!$E$5:$E$16,MATCH(A17,'SLA Targets'!$A$5:$A$16,0)) | K17: =INDEX('SLA Targets'!$F$5:$F$16,MATCH(A17,'SLA Targets'!$A$5:$A$16,0)) | L17: =IF(B17>=G17,"Met","Miss") | M17: =IF(C17>=H17,"Met","Miss") | N17: =IF(D17>=I17,"Met","Miss") | O17: =IF(E17<=J17,"Met","Miss") | P17: =IF(F17<=K17,"Met","Miss") | Q17: =COUNTIF(L17:P17,"Met") | R17: =Q17/5 | S17: =IF(L17="Miss",INDEX('SLA Targets'!$G$5:$G$16,MATCH(A17,'SLA Targets'!$A$5:$A$16,0)),0) | T17: =IF(R17=1,"Green",IF(R17>=0.6,"Amber","Red"))
A18: OUTsurance Sales | B18: =AVERAGEIFS('SLA Actuals'!$C$5:$C$76,'SLA Actuals'!$A$5:$A$76,A18,'SLA Actuals'!$B$5:$B$76,"Jul-26") | C18: =AVERAGEIFS('SLA Actuals'!$D$5:$D$76,'SLA Actuals'!$A$5:$A$76,A18,'SLA Actuals'!$B$5:$B$76,"Jul-26") | D18: =AVERAGEIFS('SLA Actuals'!$E$5:$E$76,'SLA Actuals'!$A$5:$A$76,A18,'SLA Actuals'!$B$5:$B$76,"Jul-26") | E18: =AVERAGEIFS('SLA Actuals'!$F$5:$F$76,'SLA Actuals'!$A$5:$A$76,A18,'SLA Actuals'!$B$5:$B$76,"Jul-26") | F18: =AVERAGEIFS('SLA Actuals'!$G$5:$G$76,'SLA Actuals'!$A$5:$A$76,A18,'SLA Actuals'!$B$5:$B$76,"Jul-26") | G18: =INDEX('SLA Targets'!$B$5:$B$16,MATCH(A18,'SLA Targets'!$A$5:$A$16,0)) | H18: =INDEX('SLA Targets'!$C$5:$C$16,MATCH(A18,'SLA Targets'!$A$5:$A$16,0)) | I18: =INDEX('SLA Targets'!$D$5:$D$16,MATCH(A18,'SLA Targets'!$A$5:$A$16,0)) | J18: =INDEX('SLA Targets'!$E$5:$E$16,MATCH(A18,'SLA Targets'!$A$5:$A$16,0)) | K18: =INDEX('SLA Targets'!$F$5:$F$16,MATCH(A18,'SLA Targets'!$A$5:$A$16,0)) | L18: =IF(B18>=G18,"Met","Miss") | M18: =IF(C18>=H18,"Met","Miss") | N18: =IF(D18>=I18,"Met","Miss") | O18: =IF(E18<=J18,"Met","Miss") | P18: =IF(F18<=K18,"Met","Miss") | Q18: =COUNTIF(L18:P18,"Met") | R18: =Q18/5 | S18: =IF(L18="Miss",INDEX('SLA Targets'!$G$5:$G$16,MATCH(A18,'SLA Targets'!$A$5:$A$16,0)),0) | T18: =IF(R18=1,"Green",IF(R18>=0.6,"Amber","Red"))
A19: Standard Bank Helpdesk | B19: =AVERAGEIFS('SLA Actuals'!$C$5:$C$76,'SLA Actuals'!$A$5:$A$76,A19,'SLA Actuals'!$B$5:$B$76,"Jul-26") | C19: =AVERAGEIFS('SLA Actuals'!$D$5:$D$76,'SLA Actuals'!$A$5:$A$76,A19,'SLA Actuals'!$B$5:$B$76,"Jul-26") | D19: =AVERAGEIFS('SLA Actuals'!$E$5:$E$76,'SLA Actuals'!$A$5:$A$76,A19,'SLA Actuals'!$B$5:$B$76,"Jul-26") | E19: =AVERAGEIFS('SLA Actuals'!$F$5:$F$76,'SLA Actuals'!$A$5:$A$76,A19,'SLA Actuals'!$B$5:$B$76,"Jul-26") | F19: =AVERAGEIFS('SLA Actuals'!$G$5:$G$76,'SLA Actuals'!$A$5:$A$76,A19,'SLA Actuals'!$B$5:$B$76,"Jul-26") | G19: =INDEX('SLA Targets'!$B$5:$B$16,MATCH(A19,'SLA Targets'!$A$5:$A$16,0)) | H19: =INDEX('SLA Targets'!$C$5:$C$16,MATCH(A19,'SLA Targets'!$A$5:$A$16,0)) | I19: =INDEX('SLA Targets'!$D$5:$D$16,MATCH(A19,'SLA Targets'!$A$5:$A$16,0)) | J19: =INDEX('SLA Targets'!$E$5:$E$16,MATCH(A19,'SLA Targets'!$A$5:$A$16,0)) | K19: =INDEX('SLA Targets'!$F$5:$F$16,MATCH(A19,'SLA Targets'!$A$5:$A$16,0)) | L19: =IF(B19>=G19,"Met","Miss") | M19: =IF(C19>=H19,"Met","Miss") | N19: =IF(D19>=I19,"Met","Miss") | O19: =IF(E19<=J19,"Met","Miss") | P19: =IF(F19<=K19,"Met","Miss") | Q19: =COUNTIF(L19:P19,"Met") | R19: =Q19/5 | S19: =IF(L19="Miss",INDEX('SLA Targets'!$G$5:$G$16,MATCH(A19,'SLA Targets'!$A$5:$A$16,0)),0) | T19: =IF(R19=1,"Green",IF(R19>=0.6,"Amber","Red"))
A20: Shoprite Surveys | B20: =AVERAGEIFS('SLA Actuals'!$C$5:$C$76,'SLA Actuals'!$A$5:$A$76,A20,'SLA Actuals'!$B$5:$B$76,"Jul-26") | C20: =AVERAGEIFS('SLA Actuals'!$D$5:$D$76,'SLA Actuals'!$A$5:$A$76,A20,'SLA Actuals'!$B$5:$B$76,"Jul-26") | D20: =AVERAGEIFS('SLA Actuals'!$E$5:$E$76,'SLA Actuals'!$A$5:$A$76,A20,'SLA Actuals'!$B$5:$B$76,"Jul-26") | E20: =AVERAGEIFS('SLA Actuals'!$F$5:$F$76,'SLA Actuals'!$A$5:$A$76,A20,'SLA Actuals'!$B$5:$B$76,"Jul-26") | F20: =AVERAGEIFS('SLA Actuals'!$G$5:$G$76,'SLA Actuals'!$A$5:$A$76,A20,'SLA Actuals'!$B$5:$B$76,"Jul-26") | G20: =INDEX('SLA Targets'!$B$5:$B$16,MATCH(A20,'SLA Targets'!$A$5:$A$16,0)) | H20: =INDEX('SLA Targets'!$C$5:$C$16,MATCH(A20,'SLA Targets'!$A$5:$A$16,0)) | I20: =INDEX('SLA Targets'!$D$5:$D$16,MATCH(A20,'SLA Targets'!$A$5:$A$16,0)) | J20: =INDEX('SLA Targets'!$E$5:$E$16,MATCH(A20,'SLA Targets'!$A$5:$A$16,0)) | K20: =INDEX('SLA Targets'!$F$5:$F$16,MATCH(A20,'SLA Targets'!$A$5:$A$16,0)) | L20: =IF(B20>=G20,"Met","Miss") | M20: =IF(C20>=H20,"Met","Miss") | N20: =IF(D20>=I20,"Met","Miss") | O20: =IF(E20<=J20,"Met","Miss") | P20: =IF(F20<=K20,"Met","Miss") | Q20: =COUNTIF(L20:P20,"Met") | R20: =Q20/5 | S20: =IF(L20="Miss",INDEX('SLA Targets'!$G$5:$G$16,MATCH(A20,'SLA Targets'!$A$5:$A$16,0)),0) | T20: =IF(R20=1,"Green",IF(R20>=0.6,"Amber","Red"))
A23: Company Service-Level Trend (avg across campaigns)
A24: Month | B24: Avg Service Level
A25: Feb-26 | B25: =AVERAGEIF('SLA Actuals'!$B$5:$B$76,A25,'SLA Actuals'!$C$5:$C$76)
A26: Mar-26 | B26: =AVERAGEIF('SLA Actuals'!$B$5:$B$76,A26,'SLA Actuals'!$C$5:$C$76)
A27: Apr-26 | B27: =AVERAGEIF('SLA Actuals'!$B$5:$B$76,A27,'SLA Actuals'!$C$5:$C$76)
A28: May-26 | B28: =AVERAGEIF('SLA Actuals'!$B$5:$B$76,A28,'SLA Actuals'!$C$5:$C$76)
A29: Jun-26 | B29: =AVERAGEIF('SLA Actuals'!$B$5:$B$76,A29,'SLA Actuals'!$C$5:$C$76)
A30: Jul-26 | B30: =AVERAGEIF('SLA Actuals'!$B$5:$B$76,A30,'SLA Actuals'!$C$5:$C$76)

Sheet Sheet

Sheet SLA Targets
A1: Contractual SLA Targets by Campaign
A2: The agreed thresholds each client campaign is measured against (editable inputs)
A4: Campaign | B4: Service Level | C4: CSAT | D4: QA | E4: ASA (s) | F4: Abandon % | G4: Breach Penalty (R)
A5: Vodacom Upgrades | B5: 0.8 | C5: 0.9 | D5: 0.92 | E5: 25 | F5: 0.05 | G5: 40000
A6: ABSA Collections | B6: 0.9 | C6: 0.9 | D6: 0.88 | E6: 30 | F6: 0.05 | G6: 40000
A7: MTN Retentions | B7: 0.85 | C7: 0.85 | D7: 0.9 | E7: 25 | F7: 0.03 | G7: 40000
A8: Takealot Care | B8: 0.8 | C8: 0.88 | D8: 0.9 | E8: 20 | F8: 0.05 | G8: 40000
A9: Telkom Tech Support | B9: 0.85 | C9: 0.9 | D9: 0.9 | E9: 25 | F9: 0.05 | G9: 40000
A10: Nedbank Debt Review | B10: 0.9 | C10: 0.88 | D10: 0.88 | E10: 30 | F10: 0.05 | G10: 25000
A11: DStv Upsell | B11: 0.85 | C11: 0.88 | D11: 0.9 | E11: 20 | F11: 0.05 | G11: 40000
A12: Discovery Lead Gen | B12: 0.9 | C12: 0.85 | D12: 0.9 | E12: 25 | F12: 0.05 | G12: 40000
A13: Cell C Winback | B13: 0.8 | C13: 0.85 | D13: 0.9 | E13: 30 | F13: 0.05 | G13: 25000
A14: OUTsurance Sales | B14: 0.85 | C14: 0.9 | D14: 0.9 | E14: 20 | F14: 0.05 | G14: 40000
A15: Standard Bank Helpdesk | B15: 0.85 | C15: 0.88 | D15: 0.9 | E15: 20 | F15: 0.05 | G15: 25000
A16: Shoprite Surveys | B16: 0.8 | C16: 0.85 | D16: 0.9 | E16: 30 | F16: 0.03 | G16: 40000

Sheet SLA Actuals
A1: Monthly SLA Actuals by Campaign
A2: Delivered performance per campaign per month — the Scorecard compares the latest month to target
A4: Campaign | B4: Month | C4: Service Level | D4: CSAT | E4: QA | F4: ASA (s) | G4: Abandon % | H4: FCR
A5: Vodacom Upgrades | B5: Feb-26 | C5: 0.952 | D5: 0.935 | E5: 0.979 | F5: 41 | G5: 0.051 | H5: 0.897
A6: Vodacom Upgrades | B6: Mar-26 | C6: 0.763 | D6: 0.937 | E6: 0.941 | F6: 14 | G6: 0.023 | H6: 0.824
A7: Vodacom Upgrades | B7: Apr-26 | C7: 0.802 | D7: 0.787 | E7: 0.857 | F7: 16 | G7: 0.078 | H7: 0.883
A8: Vodacom Upgrades | B8: May-26 | C8: 0.871 | D8: 0.833 | E8: 0.856 | F8: 37 | G8: 0.033 | H8: 0.797
A9: Vodacom Upgrades | B9: Jun-26 | C9: 0.81 | D9: 0.885 | E9: 0.853 | F9: 16 | G9: 0.041 | H9: 0.833
A10: Vodacom Upgrades | B10: Jul-26 | C10: 0.936 | D10: 0.89 | E10: 0.874 | F10: 16 | G10: 0.023 | H10: 0.739
A11: ABSA Collections | B11: Feb-26 | C11: 0.754 | D11: 0.952 | E11: 0.837 | F11: 23 | G11: 0.078 | H11: 0.726
A12: ABSA Collections | B12: Mar-26 | C12: 0.86 | D12: 0.92 | E12: 0.873 | F12: 14 | G12: 0.066 | H12: 0.738
A13: ABSA Collections | B13: Apr-26 | C13: 0.901 | D13: 0.788 | E13: 0.865 | F13: 28 | G13: 0.067 | H13: 0.743
A14: ABSA Collections | B14: May-26 | C14: 0.92 | D14: 0.889 | E14: 0.928 | F14: 33 | G14: 0.04 | H14: 0.888
A15: ABSA Collections | B15: Jun-26 | C15: 0.786 | D15: 0.877 | E15: 0.936 | F15: 37 | G15: 0.043 | H15: 0.811
A16: ABSA Collections | B16: Jul-26 | C16: 0.778 | D16: 0.783 | E16: 0.967 | F16: 33 | G16: 0.05 | H16: 0.764
... A76: Shoprite Surveys | B76: Jul-26 | C76: 0.783 | D76: 0.929 | E76: 0.868 | F76: 17 | G76: 0.034 | H76: 0.725
