Workbook

Sheet Daily Data
A1: Call Center Performance — Daily Operations Data
A2: Sample dataset | Prepared by data analyst | All KPIs computed with live formulas
A4: Date | B4: Calls Offered | C4: Calls Handled | D4: Calls Abandoned | E4: Answer Rate | F4: Abandon Rate | G4: AHT (sec) | H4: ASA (sec) | I4: Service Level | J4: CSAT | K4: Occupancy
A5: 46204 | B5: 1147 | C5: 1113 | D5: 34 | E5: =C5/B5 -> 0.97035745 | F5: =D5/B5 -> 0.029642546 | G5: 243 | H5: 29 | I5: 0.824 | J5: 0.821 | K5: 0.738
A6: 46205 | B6: 1099 | C6: 1068 | D6: 31 | E6: =C6/B6 -> 0.97179254 | F6: =D6/B6 -> 0.028207461 | G6: 315 | H6: 39 | I6: 0.786 | J6: 0.814 | K6: 0.762
A7: 46206 | B7: 1128 | C7: 1105 | D7: 23 | E7: =C7/B7 -> 0.97960993 | F7: =D7/B7 -> 0.020390071 | G7: 311 | H7: 24 | I7: 0.909 | J7: 0.905 | K7: 0.796
A8: 46207 | B8: 1049 | C8: 994 | D8: 55 | E8: =C8/B8 -> 0.94756911 | F8: =D8/B8 -> 0.052430887 | G8: 343 | H8: 12 | I8: 0.917 | J8: 0.824 | K8: 0.796
A9: 46208 | B9: 962 | C9: 923 | D9: 39 | E9: =C9/B9 -> 0.95945946 | F9: =D9/B9 -> 0.040540541 | G9: 267 | H9: 33 | I9: 0.798 | J9: 0.857 | K9: 0.785
A10: 46209 | B10: 996 | C10: 943 | D10: 53 | E10: =C10/B10 -> 0.94678715 | F10: =D10/B10 -> 0.053212851 | G10: 343 | H10: 14 | I10: 0.911 | J10: 0.88 | K10: 0.895
A11: 46210 | B11: 1013 | C11: 983 | D11: 30 | E11: =C11/B11 -> 0.970385 | F11: =D11/B11 -> 0.029615005 | G11: 310 | H11: 30 | I11: 0.929 | J11: 0.893 | K11: 0.875
A12: 46211 | B12: 1115 | C12: 1071 | D12: 44 | E12: =C12/B12 -> 0.96053812 | F12: =D12/B12 -> 0.039461883 | G12: 330 | H12: 16 | I12: 0.788 | J12: 0.834 | K12: 0.772
A13: 46212 | B13: 860 | C13: 811 | D13: 49 | E13: =C13/B13 -> 0.94302326 | F13: =D13/B13 -> 0.056976744 | G13: 350 | H13: 18 | I13: 0.848 | J13: 0.868 | K13: 0.87
A14: 46213 | B14: 903 | C14: 836 | D14: 67 | E14: =C14/B14 -> 0.92580288 | F14: =D14/B14 -> 0.074197121 | G14: 285 | H14: 25 | I14: 0.901 | J14: 0.905 | K14: 0.843
A15: 46214 | B15: 856 | C15: 815 | D15: 41 | E15: =C15/B15 -> 0.9521028 | F15: =D15/B15 -> 0.047897196 | G15: 308 | H15: 27 | I15: 0.809 | J15: 0.857 | K15: 0.898
A16: 46215 | B16: 1147 | C16: 1099 | D16: 48 | E16: =C16/B16 -> 0.9581517 | F16: =D16/B16 -> 0.0418483 | G16: 327 | H16: 32 | I16: 0.932 | J16: 0.916 | K16: 0.761
... A34: 46233 | B34: 836 | C34: 774 | D34: 62 | E34: =C34/B34 -> 0.92583732 | F34: =D34/B34 -> 0.074162679 | G34: 249 | H34: 44 | I34: 0.823 | J34: 0.9 | K34: 0.759
A35: Average / Total | B35: =SUM(B5:B34) -> 30218 | C35: =SUM(C5:C34) -> 28820 | D35: =SUM(D5:D34) -> 1398 | E35: =C35/B35 -> 0.95373618 | F35: =D35/B35 -> 0.046263816 | G35: =AVERAGE(G5:G34) -> 295.86667 | H35: =AVERAGE(H5:H34) -> 31.5 | I35: =AVERAGE(I5:I34) -> 0.87096667 | J35: =AVERAGE(J5:J34) -> 0.876 | K35: =AVERAGE(K5:K34) -> 0.80793333

Sheet Dashboard
A1: Contact Centre KPI Dashboard — July 2026
A2: Auto-summarised from Daily Data tab
A4: Total Calls Offered | D4: Total Calls Handled | G4: Avg Service Level
A5: ='Daily Data'!B35 -> 30218 | D5: ='Daily Data'!C35 -> 28820 | G5: ='Daily Data'!I35 -> 0.87096667
A8: Avg CSAT | D8: Avg Abandon Rate | G8: Avg Handle Time
A9: ='Daily Data'!J35 -> 0.876 | D9: ='Daily Data'!F35 -> 0.046263816 | G9: ='Daily Data'!G35 -> 295.86667
