Workbook

Sheet Transactions
A1: Sales Transactions — Source Data
A2: Raw ledger feeding the Query Report tab (SUMIFS / INDEX-MATCH)
A4: Order ID | B4: Date | C4: Region | D4: Product | E4: Sales Rep | F4: Units | G4: Unit Price | H4: Revenue
A5: SO-5000 | B5: 46066 | C5: Gauteng | D5: LTE Router | E5: Lerato Nkosi | F5: 21 | G5: 1299 | H5: =F5*G5
A6: SO-5001 | B6: 46034 | C6: Gauteng | D6: Cloud PBX | E6: Naledi Molefe | F6: 19 | G6: 1499 | H6: =F6*G6
A7: SO-5002 | B7: 46036 | C7: Gauteng | D7: Fibre 50Mbps | E7: Naledi Molefe | F7: 14 | G7: 599 | H7: =F7*G7
A8: SO-5003 | B8: 46156 | C8: Gauteng | D8: Fibre 50Mbps | E8: Naledi Molefe | F8: 2 | G8: 599 | H8: =F8*G8
A9: SO-5004 | B9: 46041 | C9: Eastern Cape | D9: Cloud PBX | E9: Thabo Mokoena | F9: 19 | G9: 1499 | H9: =F9*G9
A10: SO-5005 | B10: 46040 | C10: KZN | D10: Fibre 100Mbps | E10: Tumelo Sithole | F10: 5 | G10: 899 | H10: =F10*G10
A11: SO-5006 | B11: 46146 | C11: KZN | D11: Fibre 100Mbps | E11: Sipho Dlamini | F11: 19 | G11: 899 | H11: =F11*G11
A12: SO-5007 | B12: 46161 | C12: Western Cape | D12: Fibre 50Mbps | E12: Zanele Mahlangu | F12: 21 | G12: 599 | H12: =F12*G12
A13: SO-5008 | B13: 46165 | C13: Gauteng | D13: Fibre 50Mbps | E13: Naledi Molefe | F13: 3 | G13: 599 | H13: =F13*G13
A14: SO-5009 | B14: 46191 | C14: KZN | D14: Voice Plan | E14: Ayanda Ndlovu | F14: 14 | G14: 199 | H14: =F14*G14
A15: SO-5010 | B15: 46124 | C15: Western Cape | D15: Cloud PBX | E15: Sipho Dlamini | F15: 10 | G15: 1499 | H15: =F15*G15
A16: SO-5011 | B16: 46041 | C16: Eastern Cape | D16: Fibre 100Mbps | E16: Zanele Mahlangu | F16: 10 | G16: 899 | H16: =F16*G16
... A104: SO-5099 | B104: 46091 | C104: Western Cape | D104: Fibre 50Mbps | E104: Lerato Nkosi | F104: 21 | G104: 599 | H104: =F104*G104

Sheet Query Report
A1: Sales Query Report — Dynamic Summaries
A2: Every figure is a live SUMIFS / INDEX-MATCH query against the Transactions tab
A4: Total Revenue | B4: =SUM(Transactions!$H$5:$H$104)
A5: Total Units | B5: =SUM(Transactions!$F$5:$F$104)
A6: Total Orders | B6: =COUNTA(Transactions!$A$5:$A$104)
A7: Avg Order Value | B7: =B4/B6
A10: Region | B10: Revenue | C10: Units | D10: % of Total | F10: Sales Rep Leaderboard
A11: Gauteng | B11: =SUMIF(Transactions!$C$5:$C$104,A11,Transactions!$H$5:$H$104) | C11: =SUMIF(Transactions!$C$5:$C$104,A11,Transactions!$F$5:$F$104) | D11: =B11/$B$4 | F11: Sales Rep | G11: Revenue
A12: Western Cape | B12: =SUMIF(Transactions!$C$5:$C$104,A12,Transactions!$H$5:$H$104) | C12: =SUMIF(Transactions!$C$5:$C$104,A12,Transactions!$F$5:$F$104) | D12: =B12/$B$4 | F12: Thabo Mokoena | G12: =SUMIF(Transactions!$E$5:$E$104,F12,Transactions!$H$5:$H$104)
A13: KZN | B13: =SUMIF(Transactions!$C$5:$C$104,A13,Transactions!$H$5:$H$104) | C13: =SUMIF(Transactions!$C$5:$C$104,A13,Transactions!$F$5:$F$104) | D13: =B13/$B$4 | F13: Lerato Nkosi | G13: =SUMIF(Transactions!$E$5:$E$104,F13,Transactions!$H$5:$H$104)
A14: Eastern Cape | B14: =SUMIF(Transactions!$C$5:$C$104,A14,Transactions!$H$5:$H$104) | C14: =SUMIF(Transactions!$C$5:$C$104,A14,Transactions!$F$5:$F$104) | D14: =B14/$B$4 | F14: Sipho Dlamini | G14: =SUMIF(Transactions!$E$5:$E$104,F14,Transactions!$H$5:$H$104)
F15: Naledi Molefe | G15: =SUMIF(Transactions!$E$5:$E$104,F15,Transactions!$H$5:$H$104)
F16: Kagiso Khumalo | G16: =SUMIF(Transactions!$E$5:$E$104,F16,Transactions!$H$5:$H$104)
A17: Product | B17: Revenue | C17: Units | D17: % of Total | F17: Zanele Mahlangu | G17: =SUMIF(Transactions!$E$5:$E$104,F17,Transactions!$H$5:$H$104)
A18: Fibre 50Mbps | B18: =SUMIF(Transactions!$D$5:$D$104,A18,Transactions!$H$5:$H$104) | C18: =SUMIF(Transactions!$D$5:$D$104,A18,Transactions!$F$5:$F$104) | D18: =B18/$B$4 | F18: Tumelo Sithole | G18: =SUMIF(Transactions!$E$5:$E$104,F18,Transactions!$H$5:$H$104)
A19: Fibre 100Mbps | B19: =SUMIF(Transactions!$D$5:$D$104,A19,Transactions!$H$5:$H$104) | C19: =SUMIF(Transactions!$D$5:$D$104,A19,Transactions!$F$5:$F$104) | D19: =B19/$B$4 | F19: Ayanda Ndlovu | G19: =SUMIF(Transactions!$E$5:$E$104,F19,Transactions!$H$5:$H$104)
A20: LTE Router | B20: =SUMIF(Transactions!$D$5:$D$104,A20,Transactions!$H$5:$H$104) | C20: =SUMIF(Transactions!$D$5:$D$104,A20,Transactions!$F$5:$F$104) | D20: =B20/$B$4
A21: Voice Plan | B21: =SUMIF(Transactions!$D$5:$D$104,A21,Transactions!$H$5:$H$104) | C21: =SUMIF(Transactions!$D$5:$D$104,A21,Transactions!$F$5:$F$104) | D21: =B21/$B$4 | F21: Top Performer: | G21: =INDEX(F12:F19,MATCH(MAX(G12:G19),G12:G19,0))
A22: Cloud PBX | B22: =SUMIF(Transactions!$D$5:$D$104,A22,Transactions!$H$5:$H$104) | C22: =SUMIF(Transactions!$D$5:$D$104,A22,Transactions!$F$5:$F$104) | D22: =B22/$B$4
