Workbook

Sheet Survey Responses
A1: Customer Satisfaction Survey — Response Data
A2: CSAT (1-5) and NPS (0-10) source responses — analysis on next tab
A4: Response ID | B4: Date | C4: Channel | D4: Agent | E4: CSAT (1-5) | F4: NPS (0-10) | G4: Resolved | H4: NPS Category
A5: R-9001 | B5: 46212 | C5: Phone | D5: Kagiso Khumalo | E5: 3 | F5: 10 | G5: Yes | H5: =IF(F5>=9,"Promoter",IF(F5>=7,"Passive","Detractor"))
A6: R-9002 | B6: 46208 | C6: Email | D6: Kagiso Khumalo | E6: 4 | F6: 7 | G6: Yes | H6: =IF(F6>=9,"Promoter",IF(F6>=7,"Passive","Detractor"))
A7: R-9003 | B7: 46229 | C7: WhatsApp | D7: Thabo Mokoena | E7: 5 | F7: 9 | G7: No | H7: =IF(F7>=9,"Promoter",IF(F7>=7,"Passive","Detractor"))
A8: R-9004 | B8: 46221 | C8: Email | D8: Lerato Nkosi | E8: 2 | F8: 9 | G8: Yes | H8: =IF(F8>=9,"Promoter",IF(F8>=7,"Passive","Detractor"))
A9: R-9005 | B9: 46228 | C9: Email | D9: Kagiso Khumalo | E9: 4 | F9: 10 | G9: Yes | H9: =IF(F9>=9,"Promoter",IF(F9>=7,"Passive","Detractor"))
A10: R-9006 | B10: 46209 | C10: WhatsApp | D10: Tumelo Sithole | E10: 4 | F10: 7 | G10: Yes | H10: =IF(F10>=9,"Promoter",IF(F10>=7,"Passive","Detractor"))
A11: R-9007 | B11: 46224 | C11: Chat | D11: Tumelo Sithole | E11: 5 | F11: 7 | G11: Yes | H11: =IF(F11>=9,"Promoter",IF(F11>=7,"Passive","Detractor"))
A12: R-9008 | B12: 46216 | C12: Phone | D12: Sipho Dlamini | E12: 5 | F12: 3 | G12: Yes | H12: =IF(F12>=9,"Promoter",IF(F12>=7,"Passive","Detractor"))
A13: R-9009 | B13: 46229 | C13: WhatsApp | D13: Naledi Molefe | E13: 4 | F13: 7 | G13: Yes | H13: =IF(F13>=9,"Promoter",IF(F13>=7,"Passive","Detractor"))
A14: R-9010 | B14: 46217 | C14: Email | D14: Naledi Molefe | E14: 3 | F14: 5 | G14: Yes | H14: =IF(F14>=9,"Promoter",IF(F14>=7,"Passive","Detractor"))
A15: R-9011 | B15: 46214 | C15: Email | D15: Zanele Mahlangu | E15: 4 | F15: 8 | G15: No | H15: =IF(F15>=9,"Promoter",IF(F15>=7,"Passive","Detractor"))
A16: R-9012 | B16: 46227 | C16: WhatsApp | D16: Tumelo Sithole | E16: 4 | F16: 8 | G16: Yes | H16: =IF(F16>=9,"Promoter",IF(F16>=7,"Passive","Detractor"))
... A84: R-9080 | B84: 46206 | C84: WhatsApp | D84: Thabo Mokoena | E84: 2 | F84: 4 | G84: No | H84: =IF(F84>=9,"Promoter",IF(F84>=7,"Passive","Detractor"))

Sheet Analysis
A1: CSAT & NPS Analysis Dashboard
A2: Live metrics computed from the Survey Responses tab
A4: Total Responses | B4: =COUNTA('Survey Responses'!$A$5:$A$84)
A5: Average CSAT | B5: =AVERAGE('Survey Responses'!$E$5:$E$84)
A6: % Satisfied (4-5) | B6: =(COUNTIF('Survey Responses'!$E$5:$E$84,5)+COUNTIF('Survey Responses'!$E$5:$E$84,4))/B4
A7: Promoters | B7: =COUNTIF('Survey Responses'!$H$5:$H$84,"Promoter")
A8: Passives | B8: =COUNTIF('Survey Responses'!$H$5:$H$84,"Passive")
A9: Detractors | B9: =COUNTIF('Survey Responses'!$H$5:$H$84,"Detractor")
A10: NPS Score | B10: =(B7-B9)/B4
A11: First-Contact Resolution | B11: =COUNTIF('Survey Responses'!$G$5:$G$84,"Yes")/B4
A14: Channel | B14: Responses | C14: Avg CSAT | D14: % Satisfied | F14: NPS Breakdown
A15: Phone | B15: =COUNTIF('Survey Responses'!$C$5:$C$84,A15) | C15: =AVERAGEIF('Survey Responses'!$C$5:$C$84,A15,'Survey Responses'!$E$5:$E$84) | D15: =COUNTIFS('Survey Responses'!$C$5:$C$84,A15,'Survey Responses'!$E$5:$E$84,">=4")/B15 | F15: Category | G15: Count
A16: Email | B16: =COUNTIF('Survey Responses'!$C$5:$C$84,A16) | C16: =AVERAGEIF('Survey Responses'!$C$5:$C$84,A16,'Survey Responses'!$E$5:$E$84) | D16: =COUNTIFS('Survey Responses'!$C$5:$C$84,A16,'Survey Responses'!$E$5:$E$84,">=4")/B16 | F16: Promoter | G16: =COUNTIF('Survey Responses'!$H$5:$H$84,F16)
A17: Chat | B17: =COUNTIF('Survey Responses'!$C$5:$C$84,A17) | C17: =AVERAGEIF('Survey Responses'!$C$5:$C$84,A17,'Survey Responses'!$E$5:$E$84) | D17: =COUNTIFS('Survey Responses'!$C$5:$C$84,A17,'Survey Responses'!$E$5:$E$84,">=4")/B17 | F17: Passive | G17: =COUNTIF('Survey Responses'!$H$5:$H$84,F17)
A18: WhatsApp | B18: =COUNTIF('Survey Responses'!$C$5:$C$84,A18) | C18: =AVERAGEIF('Survey Responses'!$C$5:$C$84,A18,'Survey Responses'!$E$5:$E$84) | D18: =COUNTIFS('Survey Responses'!$C$5:$C$84,A18,'Survey Responses'!$E$5:$E$84,">=4")/B18 | F18: Detractor | G18: =COUNTIF('Survey Responses'!$H$5:$H$84,F18)
