Workbook

Sheet Candidates
A1: Recruitment Pipeline — Candidate Tracker
A2: Applicant records feeding the hiring funnel on the Funnel tab
A4: Candidate ID | B4: Candidate Name | C4: Role | D4: Source | E4: Applied Date | F4: Furthest Stage | G4: Days in Process | H4: Outcome
A5: CAND-4001 | B5: Thabo Mokoena | C5: Call Centre Agent | D5: LinkedIn | E5: 46190 | F5: Screened | G5: =TODAY()-E5 | H5: =IF(F5="Hired","Hired",IF(F5="Offer","In Offer","In Pipeline"))
A6: CAND-4002 | B6: Lerato Nkosi | C6: Team Leader | D6: LinkedIn | E6: 46133 | F6: Interviewed | G6: =TODAY()-E6 | H6: =IF(F6="Hired","Hired",IF(F6="Offer","In Offer","In Pipeline"))
A7: CAND-4003 | B7: Sipho Dlamini | C7: Call Centre Agent | D7: Referral | E7: 46166 | F7: Offer | G7: =TODAY()-E7 | H7: =IF(F7="Hired","Hired",IF(F7="Offer","In Offer","In Pipeline"))
A8: CAND-4004 | B8: Naledi Molefe | C8: Team Leader | D8: Referral | E8: 46122 | F8: Applied | G8: =TODAY()-E8 | H8: =IF(F8="Hired","Hired",IF(F8="Offer","In Offer","In Pipeline"))
A9: CAND-4005 | B9: Kagiso Khumalo | C9: QA Analyst | D9: Referral | E9: 46101 | F9: Applied | G9: =TODAY()-E9 | H9: =IF(F9="Hired","Hired",IF(F9="Offer","In Offer","In Pipeline"))
A10: CAND-4006 | B10: Zanele Mahlangu | C10: IT Support | D10: Referral | E10: 46151 | F10: Screened | G10: =TODAY()-E10 | H10: =IF(F10="Hired","Hired",IF(F10="Offer","In Offer","In Pipeline"))
A11: CAND-4007 | B11: Tumelo Sithole | C11: Sales Rep | D11: Job Board | E11: 46119 | F11: Applied | G11: =TODAY()-E11 | H11: =IF(F11="Hired","Hired",IF(F11="Offer","In Offer","In Pipeline"))
A12: CAND-4008 | B12: Ayanda Ndlovu | C12: QA Analyst | D12: LinkedIn | E12: 46064 | F12: Interviewed | G12: =TODAY()-E12 | H12: =IF(F12="Hired","Hired",IF(F12="Offer","In Offer","In Pipeline"))
A13: CAND-4009 | B13: Bongani Mabaso | C13: QA Analyst | D13: Job Board | E13: 46118 | F13: Applied | G13: =TODAY()-E13 | H13: =IF(F13="Hired","Hired",IF(F13="Offer","In Offer","In Pipeline"))
A14: CAND-4010 | B14: Nomvula Zulu | C14: QA Analyst | D14: LinkedIn | E14: 46079 | F14: Hired | G14: =TODAY()-E14 | H14: =IF(F14="Hired","Hired",IF(F14="Offer","In Offer","In Pipeline"))
A15: CAND-4011 | B15: Kabelo Mokoena | C15: QA Analyst | D15: Walk-in | E15: 46043 | F15: Interviewed | G15: =TODAY()-E15 | H15: =IF(F15="Hired","Hired",IF(F15="Offer","In Offer","In Pipeline"))
A16: CAND-4012 | B16: Refilwe Nkosi | C16: Call Centre Agent | D16: Job Board | E16: 46165 | F16: Interviewed | G16: =TODAY()-E16 | H16: =IF(F16="Hired","Hired",IF(F16="Offer","In Offer","In Pipeline"))
... A54: CAND-4050 | B54: Nomvula Zulu | C54: QA Analyst | D54: Referral | E54: 46148 | F54: Applied | G54: =TODAY()-E54 | H54: =IF(F54="Hired","Hired",IF(F54="Offer","In Offer","In Pipeline"))

Sheet Funnel
A1: Hiring Funnel & Conversion Metrics
A2: Stage reached counts and stage-to-stage conversion
A4: Stage | B4: Reached | C4: Conversion vs Prev | D4: % of Applicants | F4: Source | G4: Applicants | H4: Hired | I4: Hire Rate
A5: Applied | B5: =COUNTIF(Candidates!$F$5:$F$54,"Applied")+COUNTIF(Candidates!$F$5:$F$54,"Screened")+COUNTIF(Candidates!$F$5:$F$54,"Interviewed")+COUNTIF(Candidates!$F$5:$F$54,"Offer")+COUNTIF(Candidates!$F$5:$F$54,"Hired") | C5: — | D5: =B5/$B$5 | F5: LinkedIn | G5: =COUNTIF(Candidates!$D$5:$D$54,F5) | H5: =COUNTIFS(Candidates!$D$5:$D$54,F5,Candidates!$F$5:$F$54,"Hired") | I5: =IFERROR(H5/G5,0)
A6: Screened | B6: =COUNTIF(Candidates!$F$5:$F$54,"Screened")+COUNTIF(Candidates!$F$5:$F$54,"Interviewed")+COUNTIF(Candidates!$F$5:$F$54,"Offer")+COUNTIF(Candidates!$F$5:$F$54,"Hired") | C6: =B6/B5 | D6: =B6/$B$5 | F6: Referral | G6: =COUNTIF(Candidates!$D$5:$D$54,F6) | H6: =COUNTIFS(Candidates!$D$5:$D$54,F6,Candidates!$F$5:$F$54,"Hired") | I6: =IFERROR(H6/G6,0)
A7: Interviewed | B7: =COUNTIF(Candidates!$F$5:$F$54,"Interviewed")+COUNTIF(Candidates!$F$5:$F$54,"Offer")+COUNTIF(Candidates!$F$5:$F$54,"Hired") | C7: =B7/B6 | D7: =B7/$B$5 | F7: Job Board | G7: =COUNTIF(Candidates!$D$5:$D$54,F7) | H7: =COUNTIFS(Candidates!$D$5:$D$54,F7,Candidates!$F$5:$F$54,"Hired") | I7: =IFERROR(H7/G7,0)
A8: Offer | B8: =COUNTIF(Candidates!$F$5:$F$54,"Offer")+COUNTIF(Candidates!$F$5:$F$54,"Hired") | C8: =B8/B7 | D8: =B8/$B$5 | F8: Walk-in | G8: =COUNTIF(Candidates!$D$5:$D$54,F8) | H8: =COUNTIFS(Candidates!$D$5:$D$54,F8,Candidates!$F$5:$F$54,"Hired") | I8: =IFERROR(H8/G8,0)
A9: Hired | B9: =COUNTIF(Candidates!$F$5:$F$54,"Hired") | C9: =B9/B8 | D9: =B9/$B$5 | F9: Agency | G9: =COUNTIF(Candidates!$D$5:$D$54,F9) | H9: =COUNTIFS(Candidates!$D$5:$D$54,F9,Candidates!$F$5:$F$54,"Hired") | I9: =IFERROR(H9/G9,0)
A12: Total Applicants | B12: =B5
A13: Total Hired | B13: =COUNTIF(Candidates!$F$5:$F$54,"Hired")
A14: Overall Hire Rate | B14: =B13/B12
A15: Avg Days in Process | B15: =AVERAGE(Candidates!$G$5:$G$54)
