Workbook

Sheet Timesheet
A1: Attendance & Timesheet Tracker — Week of 06 Jul 2026
A2: Shift start 09:00. Late = clock-in after 09:00. Hours auto-calculated from in/out times.
A4: Emp ID | B4: Employee | C4: Date | D4: Time In | E4: Time Out | F4: Hours Worked | G4: Status | H4: Late?
A5: EMP1001 | B5: Thabo Mokoena | C5: 46209 | D5: 0.38472222 | E5: 0.73888889 | F5: =(E5-D5)*24 | G5: =IF(D5="","Absent",IF(D5>TIME(9,0,0),"Late","Present")) | H5: =IF(AND(D5<>"",D5>TIME(9,0,0)),"Yes","No")
A6: EMP1001 | B6: Thabo Mokoena | C6: 46210 | D6: 0.38194444 | E6: 0.70972222 | F6: =(E6-D6)*24 | G6: =IF(D6="","Absent",IF(D6>TIME(9,0,0),"Late","Present")) | H6: =IF(AND(D6<>"",D6>TIME(9,0,0)),"Yes","No")
A7: EMP1001 | B7: Thabo Mokoena | C7: 46211 | D7: 0.36805556 | E7: 0.71666667 | F7: =(E7-D7)*24 | G7: =IF(D7="","Absent",IF(D7>TIME(9,0,0),"Late","Present")) | H7: =IF(AND(D7<>"",D7>TIME(9,0,0)),"Yes","No")
A8: EMP1001 | B8: Thabo Mokoena | C8: 46212 | D8: 0.37430556 | E8: 0.7375 | F8: =(E8-D8)*24 | G8: =IF(D8="","Absent",IF(D8>TIME(9,0,0),"Late","Present")) | H8: =IF(AND(D8<>"",D8>TIME(9,0,0)),"Yes","No")
A9: EMP1001 | B9: Thabo Mokoena | C9: 46213 | D9: 0.37430556 | E9: 0.73958333 | F9: =(E9-D9)*24 | G9: =IF(D9="","Absent",IF(D9>TIME(9,0,0),"Late","Present")) | H9: =IF(AND(D9<>"",D9>TIME(9,0,0)),"Yes","No")
A10: EMP1002 | B10: Lerato Nkosi | C10: 46209 | D10: 0.38819444 | E10: 0.71736111 | F10: =(E10-D10)*24 | G10: =IF(D10="","Absent",IF(D10>TIME(9,0,0),"Late","Present")) | H10: =IF(AND(D10<>"",D10>TIME(9,0,0)),"Yes","No")
A11: EMP1002 | B11: Lerato Nkosi | C11: 46210 | D11: 0.38263889 | E11: 0.73611111 | F11: =(E11-D11)*24 | G11: =IF(D11="","Absent",IF(D11>TIME(9,0,0),"Late","Present")) | H11: =IF(AND(D11<>"",D11>TIME(9,0,0)),"Yes","No")
A12: EMP1002 | B12: Lerato Nkosi | C12: 46211 | D12: 0.36597222 | E12: 0.7125 | F12: =(E12-D12)*24 | G12: =IF(D12="","Absent",IF(D12>TIME(9,0,0),"Late","Present")) | H12: =IF(AND(D12<>"",D12>TIME(9,0,0)),"Yes","No")
A13: EMP1002 | B13: Lerato Nkosi | C13: 46212 | D13: 0.36736111 | E13: 0.72222222 | F13: =(E13-D13)*24 | G13: =IF(D13="","Absent",IF(D13>TIME(9,0,0),"Late","Present")) | H13: =IF(AND(D13<>"",D13>TIME(9,0,0)),"Yes","No")
A14: EMP1002 | B14: Lerato Nkosi | C14: 46213 | D14: 0.36805556 | E14: 0.71944444 | F14: =(E14-D14)*24 | G14: =IF(D14="","Absent",IF(D14>TIME(9,0,0),"Late","Present")) | H14: =IF(AND(D14<>"",D14>TIME(9,0,0)),"Yes","No")
A15: EMP1003 | B15: Sipho Dlamini | C15: 46209 | D15: 0.39513889 | E15: 0.72222222 | F15: =(E15-D15)*24 | G15: =IF(D15="","Absent",IF(D15>TIME(9,0,0),"Late","Present")) | H15: =IF(AND(D15<>"",D15>TIME(9,0,0)),"Yes","No")
A16: EMP1003 | B16: Sipho Dlamini | C16: 46210 | D16: 0.36944444 | E16: 0.72083333 | F16: =(E16-D16)*24 | G16: =IF(D16="","Absent",IF(D16>TIME(9,0,0),"Late","Present")) | H16: =IF(AND(D16<>"",D16>TIME(9,0,0)),"Yes","No")
... A21: EMP1004 | B21: Naledi Molefe | C21: 46210 | D21: 0.36736111 | E21: 0.71041667 | F21: =(E21-D21)*24 | G21: =IF(D21="","Absent",IF(D21>TIME(9,0,0),"Late","Present")) | H21: =IF(AND(D21<>"",D21>TIME(9,0,0)),"Yes","No")
A22: EMP1004 | B22: Naledi Molefe | C22: 46211 | F22: 0 | G22: Absent | H22: —
A23: EMP1004 | B23: Naledi Molefe | C23: 46212 | D23: 0.37291667 | E23: 0.71597222 | F23: =(E23-D23)*24 | G23: =IF(D23="","Absent",IF(D23>TIME(9,0,0),"Late","Present")) | H23: =IF(AND(D23<>"",D23>TIME(9,0,0)),"Yes","No")
A24: EMP1004 | B24: Naledi Molefe | C24: 46213 | D24: 0.37361111 | E24: 0.73055556 | F24: =(E24-D24)*24 | G24: =IF(D24="","Absent",IF(D24>TIME(9,0,0),"Late","Present")) | H24: =IF(AND(D24<>"",D24>TIME(9,0,0)),"Yes","No")
A25: EMP1005 | B25: Kagiso Khumalo | C25: 46209 | D25: 0.36736111 | E25: 0.71736111 | F25: =(E25-D25)*24 | G25: =IF(D25="","Absent",IF(D25>TIME(9,0,0),"Late","Present")) | H25: =IF(AND(D25<>"",D25>TIME(9,0,0)),"Yes","No")
A26: EMP1005 | B26: Kagiso Khumalo | C26: 46210 | D26: 0.38611111 | E26: 0.71319444 | F26: =(E26-D26)*24 | G26: =IF(D26="","Absent",IF(D26>TIME(9,0,0),"Late","Present")) | H26: =IF(AND(D26<>"",D26>TIME(9,0,0)),"Yes","No")
A27: EMP1005 | B27: Kagiso Khumalo | C27: 46211 | D27: 0.36944444 | E27: 0.73888889 | F27: =(E27-D27)*24 | G27: =IF(D27="","Absent",IF(D27>TIME(9,0,0),"Late","Present")) | H27: =IF(AND(D27<>"",D27>TIME(9,0,0)),"Yes","No")
A28: EMP1005 | B28: Kagiso Khumalo | C28: 46212 | D28: 0.39305556 | E28: 0.72361111 | F28: =(E28-D28)*24 | G28: =IF(D28="","Absent",IF(D28>TIME(9,0,0),"Late","Present")) | H28: =IF(AND(D28<>"",D28>TIME(9,0,0)),"Yes","No")
A29: EMP1005 | B29: Kagiso Khumalo | C29: 46213 | D29: 0.37430556 | E29: 0.71180556 | F29: =(E29-D29)*24 | G29: =IF(D29="","Absent",IF(D29>TIME(9,0,0),"Late","Present")) | H29: =IF(AND(D29<>"",D29>TIME(9,0,0)),"Yes","No")
A30: EMP1006 | B30: Zanele Mahlangu | C30: 46209 | D30: 0.36805556 | E30: 0.71736111 | F30: =(E30-D30)*24 | G30: =IF(D30="","Absent",IF(D30>TIME(9,0,0),"Late","Present")) | H30: =IF(AND(D30<>"",D30>TIME(9,0,0)),"Yes","No")
A31: EMP1006 | B31: Zanele Mahlangu | C31: 46210 | D31: 0.37013889 | E31: 0.73055556 | F31: =(E31-D31)*24 | G31: =IF(D31="","Absent",IF(D31>TIME(9,0,0),"Late","Present")) | H31: =IF(AND(D31<>"",D31>TIME(9,0,0)),"Yes","No")
A32: EMP1006 | B32: Zanele Mahlangu | C32: 46211 | D32: 0.37152778 | E32: 0.71805556 | F32: =(E32-D32)*24 | G32: =IF(D32="","Absent",IF(D32>TIME(9,0,0),"Late","Present")) | H32: =IF(AND(D32<>"",D32>TIME(9,0,0)),"Yes","No")
A33: EMP1006 | B33: Zanele Mahlangu | C33: 46212 | D33: 0.38055556 | E33: 0.72361111 | F33: =(E33-D33)*24 | G33: =IF(D33="","Absent",IF(D33>TIME(9,0,0),"Late","Present")) | H33: =IF(AND(D33<>"",D33>TIME(9,0,0)),"Yes","No")
A34: EMP1006 | B34: Zanele Mahlangu | C34: 46213 | D34: 0.37361111 | E34: 0.72777778 | F34: =(E34-D34)*24 | G34: =IF(D34="","Absent",IF(D34>TIME(9,0,0),"Late","Present")) | H34: =IF(AND(D34<>"",D34>TIME(9,0,0)),"Yes","No")
... A54: EMP1010 | B54: Nomvula Zulu | C54: 46213 | D54: 0.36805556 | E54: 0.71944444 | F54: =(E54-D54)*24 | G54: =IF(D54="","Absent",IF(D54>TIME(9,0,0),"Late","Present")) | H54: =IF(AND(D54<>"",D54>TIME(9,0,0)),"Yes","No")

Sheet Summary
A1: Weekly Attendance Summary
A2: Per-employee roll-up from the Timesheet tab
A4: Emp ID | B4: Employee | C4: Days Present | D4: Late Days | E4: Absent Days | F4: Total Hours | G4: Attendance %
A5: EMP1001 | B5: Thabo Mokoena | C5: =COUNTIFS(Timesheet!$A$5:$A$54,A5,Timesheet!$G$5:$G$54,"Present")+COUNTIFS(Timesheet!$A$5:$A$54,A5,Timesheet!$G$5:$G$54,"Late") | D5: =COUNTIFS(Timesheet!$A$5:$A$54,A5,Timesheet!$G$5:$G$54,"Late") | E5: =COUNTIFS(Timesheet!$A$5:$A$54,A5,Timesheet!$G$5:$G$54,"Absent") | F5: =SUMIF(Timesheet!$A$5:$A$54,A5,Timesheet!$F$5:$F$54) | G5: =C5/5
A6: EMP1002 | B6: Lerato Nkosi | C6: =COUNTIFS(Timesheet!$A$5:$A$54,A6,Timesheet!$G$5:$G$54,"Present")+COUNTIFS(Timesheet!$A$5:$A$54,A6,Timesheet!$G$5:$G$54,"Late") | D6: =COUNTIFS(Timesheet!$A$5:$A$54,A6,Timesheet!$G$5:$G$54,"Late") | E6: =COUNTIFS(Timesheet!$A$5:$A$54,A6,Timesheet!$G$5:$G$54,"Absent") | F6: =SUMIF(Timesheet!$A$5:$A$54,A6,Timesheet!$F$5:$F$54) | G6: =C6/5
A7: EMP1003 | B7: Sipho Dlamini | C7: =COUNTIFS(Timesheet!$A$5:$A$54,A7,Timesheet!$G$5:$G$54,"Present")+COUNTIFS(Timesheet!$A$5:$A$54,A7,Timesheet!$G$5:$G$54,"Late") | D7: =COUNTIFS(Timesheet!$A$5:$A$54,A7,Timesheet!$G$5:$G$54,"Late") | E7: =COUNTIFS(Timesheet!$A$5:$A$54,A7,Timesheet!$G$5:$G$54,"Absent") | F7: =SUMIF(Timesheet!$A$5:$A$54,A7,Timesheet!$F$5:$F$54) | G7: =C7/5
A8: EMP1004 | B8: Naledi Molefe | C8: =COUNTIFS(Timesheet!$A$5:$A$54,A8,Timesheet!$G$5:$G$54,"Present")+COUNTIFS(Timesheet!$A$5:$A$54,A8,Timesheet!$G$5:$G$54,"Late") | D8: =COUNTIFS(Timesheet!$A$5:$A$54,A8,Timesheet!$G$5:$G$54,"Late") | E8: =COUNTIFS(Timesheet!$A$5:$A$54,A8,Timesheet!$G$5:$G$54,"Absent") | F8: =SUMIF(Timesheet!$A$5:$A$54,A8,Timesheet!$F$5:$F$54) | G8: =C8/5
A9: EMP1005 | B9: Kagiso Khumalo | C9: =COUNTIFS(Timesheet!$A$5:$A$54,A9,Timesheet!$G$5:$G$54,"Present")+COUNTIFS(Timesheet!$A$5:$A$54,A9,Timesheet!$G$5:$G$54,"Late") | D9: =COUNTIFS(Timesheet!$A$5:$A$54,A9,Timesheet!$G$5:$G$54,"Late") | E9: =COUNTIFS(Timesheet!$A$5:$A$54,A9,Timesheet!$G$5:$G$54,"Absent") | F9: =SUMIF(Timesheet!$A$5:$A$54,A9,Timesheet!$F$5:$F$54) | G9: =C9/5
A10: EMP1006 | B10: Zanele Mahlangu | C10: =COUNTIFS(Timesheet!$A$5:$A$54,A10,Timesheet!$G$5:$G$54,"Present")+COUNTIFS(Timesheet!$A$5:$A$54,A10,Timesheet!$G$5:$G$54,"Late") | D10: =COUNTIFS(Timesheet!$A$5:$A$54,A10,Timesheet!$G$5:$G$54,"Late") | E10: =COUNTIFS(Timesheet!$A$5:$A$54,A10,Timesheet!$G$5:$G$54,"Absent") | F10: =SUMIF(Timesheet!$A$5:$A$54,A10,Timesheet!$F$5:$F$54) | G10: =C10/5
A11: EMP1007 | B11: Tumelo Sithole | C11: =COUNTIFS(Timesheet!$A$5:$A$54,A11,Timesheet!$G$5:$G$54,"Present")+COUNTIFS(Timesheet!$A$5:$A$54,A11,Timesheet!$G$5:$G$54,"Late") | D11: =COUNTIFS(Timesheet!$A$5:$A$54,A11,Timesheet!$G$5:$G$54,"Late") | E11: =COUNTIFS(Timesheet!$A$5:$A$54,A11,Timesheet!$G$5:$G$54,"Absent") | F11: =SUMIF(Timesheet!$A$5:$A$54,A11,Timesheet!$F$5:$F$54) | G11: =C11/5
A12: EMP1008 | B12: Ayanda Ndlovu | C12: =COUNTIFS(Timesheet!$A$5:$A$54,A12,Timesheet!$G$5:$G$54,"Present")+COUNTIFS(Timesheet!$A$5:$A$54,A12,Timesheet!$G$5:$G$54,"Late") | D12: =COUNTIFS(Timesheet!$A$5:$A$54,A12,Timesheet!$G$5:$G$54,"Late") | E12: =COUNTIFS(Timesheet!$A$5:$A$54,A12,Timesheet!$G$5:$G$54,"Absent") | F12: =SUMIF(Timesheet!$A$5:$A$54,A12,Timesheet!$F$5:$F$54) | G12: =C12/5
A13: EMP1009 | B13: Bongani Mabaso | C13: =COUNTIFS(Timesheet!$A$5:$A$54,A13,Timesheet!$G$5:$G$54,"Present")+COUNTIFS(Timesheet!$A$5:$A$54,A13,Timesheet!$G$5:$G$54,"Late") | D13: =COUNTIFS(Timesheet!$A$5:$A$54,A13,Timesheet!$G$5:$G$54,"Late") | E13: =COUNTIFS(Timesheet!$A$5:$A$54,A13,Timesheet!$G$5:$G$54,"Absent") | F13: =SUMIF(Timesheet!$A$5:$A$54,A13,Timesheet!$F$5:$F$54) | G13: =C13/5
A14: EMP1010 | B14: Nomvula Zulu | C14: =COUNTIFS(Timesheet!$A$5:$A$54,A14,Timesheet!$G$5:$G$54,"Present")+COUNTIFS(Timesheet!$A$5:$A$54,A14,Timesheet!$G$5:$G$54,"Late") | D14: =COUNTIFS(Timesheet!$A$5:$A$54,A14,Timesheet!$G$5:$G$54,"Late") | E14: =COUNTIFS(Timesheet!$A$5:$A$54,A14,Timesheet!$G$5:$G$54,"Absent") | F14: =SUMIF(Timesheet!$A$5:$A$54,A14,Timesheet!$F$5:$F$54) | G14: =C14/5
